Genus,JZLC_04,JZLC_08,JZLC_10,JZLC_15,JZLC_16,JZLC_19,JZLC_21,JZLC_22,JZLC_27,JZLC_30,JZLC_31,JZLC_32,JZLC_36,JZLC_37
Abiotrophia,0,0,0,0,0,0,0,0,0,0,0,0,0,0
Absicoccus,0,0,0,0,0,0,0,0,0,0,0,0,0,0
Achromobacter,0,0,0,0,0,0,0,0,0,0,0,0,0,0
Acidaminococcus,0,0,0,0,0,0,393122,0,0,0,0,0,128700,39157
Acinetobacter,0,0,0,0,0,0,0,0,0,0,0,0,0,0
Actinobaculum,0,0,0,0,0,0,0,0,0,0,0,0,0,0
Actinomyces,0,16111,0,19125,8112,0,84632,13961,0,2195,28417,3054,42883,11595
Actinotignum,0,0,0,0,0,0,0,0,0,0,36512,0,0,0
Acutalibacter,0,0,0,0,0,0,0,0,0,0,0,0,0,0
Adlercreutzia,28960,235934,150,38283,4546,64144,588733,195957,84243,81076,0,35994,2834,184950
Agathobaculum,45827,49347,198889,0,16608,0,80931,42453,0,0,0,39353,0,4976
Aggregatibacter,0,0,0,0,0,0,0,0,0,0,0,0,0,0
Akkermansia,1588,0,2986941,0,533803,1129,0,0,342021,0,3215771,88649,1385512,3763285
Alistipes,3101082,988802,211448,275272,1834664,22292860,5607704,393600,1407114,1465593,1237270,1337128,1486665,1291092
Allisonella,0,0,0,9956,0,0,0,0,0,0,0,0,1310,0
Allobaculum,0,0,0,0,0,0,0,0,0,0,0,0,0,0
Alloprevotella,0,0,0,0,0,0,0,0,0,0,0,0,0,0
Alloscardovia,0,0,0,0,0,0,0,0,0,5442,0,0,0,174
Alterileibacterium,0,0,0,0,0,0,12,0,0,0,0,0,0,0
Amedibacillus,0,0,16755,0,0,0,8032,0,0,0,0,0,0,233731
Amedibacterium,0,0,0,0,0,0,0,0,0,0,0,0,0,0
Anaerobutyricum,0,494952,172343,1352592,136128,2386,0,0,0,0,37181,171573,53438,2652448
Anaerococcus,0,0,0,0,0,0,0,0,0,0,0,0,0,0
Anaerocolumna,0,0,0,0,0,0,0,0,0,0,0,0,0,0
Anaerofilum,0,0,0,0,0,0,0,0,0,0,0,1261,0,109
Anaerofustis,0,1091,936,0,0,0,4343,0,0,0,0,0,0,1350
Anaeroglobus,0,0,0,0,0,0,0,0,0,0,0,0,0,0
Anaerolactibacter,0,0,0,0,0,0,0,0,0,0,0,0,0,0
Anaeromassilibacillus,1099,0,18589,25751,0,104981,0,0,2378,27237,24104,750,0,217159
Anaerosacchariphilus,0,0,0,0,0,0,0,0,0,0,0,1403,0,0
Anaerosporobacter,0,0,0,0,0,0,0,0,0,0,0,0,0,0
Anaerostipes,0,100436,639218,0,14214,0,439359,14857,463275,299346,60827,156725,31427,666098
Anaerotignum,0,27779,0,36892,1855,0,0,17294,95871,1555,0,40222,216,0
Anaerotruncus,0,26073,49092,318,13523,253856,151380,72131,7283,30253,104417,47792,274804,107410
Angelakisella,0,0,0,0,0,0,0,0,0,0,0,0,0,0
Arachnia,0,0,0,0,0,0,0,0,0,0,0,0,0,0
Arcobacter,0,0,0,0,0,0,0,0,0,0,0,0,0,0
Atlantibacter,0,0,0,0,0,0,0,0,0,0,0,0,0,0
Atopobium,0,0,0,0,0,0,0,0,0,0,447,0,0,0
Bacilliculturomica,0,0,0,0,0,0,0,0,0,0,0,0,0,0
Bacillus,0,0,0,0,0,0,0,0,0,0,0,0,0,0
Bacteroides,2298816,740426,9299643,4327130,8361694,6895813,3703123,6960809,6524555,2369776,1290731,2699090,2409863,711055
Bariatricus,0,0,0,0,0,0,0,0,0,0,0,0,0,0
Barnesiella,0,0,3868,0,922792,0,0,667988,784692,0,0,0,497573,0
Bifidobacterium,19628,72664,240611,1403380,408641,503,582373,24103,0,5605,0,0,273506,4648047
Bilophila,0,142924,78162,0,183142,17674,242516,0,274304,73021,0,296412,242696,0
Bittarella,0,0,741,1107,261,0,446,0,392,0,1837,1893,1601,11661
Blastocystis,0,0,0,0,0,0,0,0,0,0,0,0,0,0
Blautia,216739,3784510,903277,1859433,295113,185128,6672308,4548989,2407152,8126100,557242,1958473,648013,5294432
Brachyspira,0,0,0,0,5215,0,0,0,0,0,0,0,0,0
Bulleidia,0,0,0,0,0,0,92,0,0,0,0,0,0,0
Butyricicoccus,0,0,0,0,0,0,0,0,11695,0,0,0,0,0
Butyricimonas,0,0,0,0,148863,0,0,72134,0,0,136725,0,18536,14868
Butyrivibrio,0,0,0,0,0,0,0,0,0,0,0,0,0,0
Campylobacter,0,0,0,0,0,0,0,0,0,0,0,0,0,0
Candida,0,0,0,0,0,0,0,0,0,0,0,0,0,0
Candidatus_Alangreenwoodia,0,0,0,0,0,0,0,0,0,0,0,0,0,0
Candidatus_Allobutyricicoccus,0,0,0,0,0,0,0,0,0,0,0,0,1082,0
Candidatus_Allochristensenella,0,0,0,0,0,0,0,0,0,1807,0,0,0,0
Candidatus_Alloruminococcus,0,0,0,0,0,0,0,0,0,0,0,0,0,0
Candidatus_Alloscillospira,0,0,23,0,0,0,0,0,0,0,0,0,0,91
Candidatus_Aristotella,0,0,0,0,0,0,0,0,0,0,0,0,0,0
Candidatus_Avimicrobium,0,0,0,21785,3505,1061,0,3488,15587,6819,781,12639,0,0
Candidatus_Avimonas,0,0,0,0,0,0,0,0,1401,7741,2821,3151,6641,0
Candidatus_Avispirillum,0,0,0,0,0,0,0,0,0,0,0,0,224,0
Candidatus_Borkfalkia,0,0,0,0,0,281081,0,0,0,0,0,0,15166,0
Candidatus_Cibiobacter,0,371660,34085,0,0,9547,1005995,0,0,0,0,95552,12076,2153567
Candidatus_Cryptoclostridium,0,0,0,0,0,0,0,0,0,0,0,0,0,0
Candidatus_Flemingibacterium,0,0,0,0,0,0,0,0,0,0,0,0,0,0
Candidatus_Gallimonas,0,0,0,0,0,0,0,0,0,0,0,0,0,0
Candidatus_Gallispira,0,0,0,0,0,0,0,0,0,0,0,0,0,0
Candidatus_Geddesella,0,0,0,0,0,4426,0,0,0,0,0,0,1183,0
Candidatus_Heritagella,0,0,0,0,0,0,0,0,0,0,0,0,0,0
Candidatus_Heteroclostridium,0,0,0,0,0,0,0,0,0,0,0,0,0,0
Candidatus_Heteroruminococcus,0,0,0,0,0,0,0,0,0,0,0,0,0,0
Candidatus_Heteroscilispira,0,0,0,0,0,0,0,0,0,0,0,0,0,0
Candidatus_Howiella,0,0,0,0,0,0,0,0,0,0,0,0,0,0
Candidatus_Metalachnospira,0,0,0,0,0,0,0,0,0,0,0,0,0,0
Candidatus_Metaruminococcus,0,0,0,0,0,0,0,0,0,0,0,900,0,0
Candidatus_Methanomethylophilus,0,0,0,0,0,0,0,0,0,0,0,0,0,0
Candidatus_Nanogingivalis,0,0,0,0,0,0,0,0,0,0,0,0,0,0
Candidatus_Nanoperiomorbus,0,0,0,0,0,0,0,0,0,0,0,0,0,0
Candidatus_Nanosynbacter,0,0,0,0,0,0,0,0,0,0,0,0,0,0
Candidatus_Nanosynsacchari,0,0,0,0,0,0,407,0,0,0,0,0,443,0
Candidatus_Neoanaerotignum,0,0,0,0,0,0,0,0,0,0,0,0,0,0
Candidatus_Neochristensenella,0,0,0,0,0,0,0,0,0,0,0,0,0,0
Candidatus_Neoclostridium,0,0,0,0,0,0,0,0,0,0,0,0,0,0
Candidatus_Neoruminococcus,0,0,0,0,0,0,0,0,0,0,0,0,0,0
Candidatus_Parachristensenella,0,0,8382,0,0,0,0,0,0,0,2019,0,0,0
Candidatus_Paralachnospira,0,0,0,0,0,0,0,0,0,0,0,0,0,0
Candidatus_Pararuminococcus,0,4893,252,0,1584,0,0,0,1133,0,0,1383,1753,12991
Candidatus_Protoclostridium,0,0,0,0,0,0,0,0,0,0,0,0,0,0
Candidatus_Pseudobutyricicoccus,0,0,0,0,0,0,0,0,0,0,0,0,0,0
Candidatus_Pseudolachnospira,0,0,0,0,0,0,0,0,0,0,0,0,0,0
Candidatus_Pseudoruminococcus,0,0,0,0,0,0,0,0,0,0,0,0,0,0
Candidatus_Pseudoscilispira,0,0,0,0,0,0,0,0,0,0,0,0,0,0
Candidatus_Roslinia,0,0,0,0,0,0,0,0,0,0,0,0,0,0
Candidatus_Schneewindia,0,0,0,0,0,0,0,0,0,0,0,0,525,1482
Candidatus_Soleaferrea,0,0,3851,0,0,0,0,0,0,0,0,0,0,0
Candidatus_Stoquefichus,0,0,0,0,0,0,0,0,0,0,0,0,0,0
Candidatus_Tabaqchalia,0,0,0,0,0,0,0,0,0,0,0,0,0,0
Candidatus_Timburyella,0,0,0,0,0,0,0,0,0,0,0,0,0,0
Candidatus_Woodwardibium,0,0,37041,0,0,0,0,0,0,0,0,780,0,0
Cardiobacterium,0,0,0,0,0,0,0,0,0,0,0,0,0,0
Carnobacterium,0,0,0,0,0,0,0,0,0,0,0,0,0,0
Catabacter,0,1316,0,0,2398,0,0,0,173,0,6780,0,0,35657
Catenibacillus,0,0,193,0,0,0,0,0,0,1226,0,0,1402,0
Catenibacterium,0,385906,52,0,0,0,0,0,0,0,0,0,0,0
Cellulosilyticum,0,0,0,0,0,0,0,0,0,0,0,0,0,0
Christensenella,0,0,6930,2142,3490,32934,0,0,2522,0,23867,150,4917,0
Citrobacter,0,0,0,0,0,0,0,0,0,0,0,0,0,0
Cloacibacillus,0,0,1019,0,0,0,0,0,0,0,0,0,0,0
Clostridioides,0,0,0,0,0,0,0,0,0,0,0,0,0,0
Clostridium,0,77201,232325,219253,157245,11851,14085,106483,451296,13784,8473,722804,71388,185896
Colibacter,0,0,0,0,0,0,0,0,0,0,0,0,0,0
Collinsella,37589,202377,32053,47979,576680,481,2046384,687266,96217,721,671979,169268,374257,2145712
Comamonas,0,0,0,0,0,0,0,0,0,0,0,0,0,0
Companilactobacillus,0,0,0,0,0,0,0,0,0,0,0,0,0,0
Coprobacillus,0,0,26580,0,0,0,253047,0,0,410,37739,0,0,29484
Coprobacter,0,0,0,0,0,0,0,0,0,0,0,0,6361,2519
Coprococcus,0,0,53168,0,109995,0,0,40992,0,0,220124,321507,62560,206373
Corynebacterium,0,0,0,0,0,0,1437,0,0,0,0,0,0,0
Cryptobacterium,0,0,0,0,0,0,7,0,0,0,0,0,0,0
Culturomica,0,0,0,0,0,0,0,0,0,0,0,0,0,0
Cuneatibacter,0,0,2045,0,0,522,0,0,726,0,0,0,0,0
Denitrobacterium,0,0,0,0,0,0,0,0,0,0,0,0,0,0
Desulfovibrio,10986,0,239186,0,128939,0,0,0,0,0,0,0,115910,0
Dialister,97920,4537,0,0,0,0,137857,0,114,0,51638,0,0,115776
Dielma,0,0,10882,0,0,0,14481,0,0,0,0,727,0,0
Dorea,3847,15461,48404,1037330,111244,55536,943721,278870,161281,0,48493,357119,289385,322359
Drancourtella,0,0,0,80411,0,0,0,0,0,5650,0,0,0,0
Duncaniella,0,0,0,0,0,0,0,0,0,0,0,0,0,0
Duodenibacillus,0,0,0,0,0,0,0,0,0,0,0,0,0,0
Dysgonomonas,0,0,0,0,0,0,0,0,0,0,0,0,0,0
Dysosmobacter,14835,27852,2462,18166,106719,4283,93731,16594,27131,580040,118152,74912,2432,0
Edwardsiella,37919,0,0,0,0,0,0,0,0,0,0,0,0,0
Eggerthella,11964,23172,178311,10070,24829,437517,392914,23815,36079,2078681,762744,39065,6041,278459
Eikenella,0,0,0,0,0,0,0,0,0,0,0,0,0,0
Eisenbergiella,19020,43582,400142,21588,422211,795582,1430522,306816,69018,290338,12319,1228,164229,133648
Elusimicrobium,0,0,0,0,0,0,0,0,0,0,0,0,0,0
Emergencia,0,0,47537,0,0,0,13209,4011,7782,0,0,0,0,33141
Enorma,0,0,0,0,0,0,0,0,0,0,0,0,0,0
Enterobacter,0,0,0,0,0,0,0,0,0,0,0,0,0,0
Enterocloster,194000,12069,104915,47086,25574,326165,48775,529900,22085,133530,125430,11812,18573,148548
Enterococcus,0,0,0,0,0,0,0,0,0,0,0,0,0,0
Enteroscipio,0,0,0,0,0,0,0,0,0,0,0,0,0,0
Erwinia,0,0,0,0,0,0,0,0,0,0,0,0,0,0
Erysipelatoclostridium,0,476,72971,0,77146,954998,56373,18017,23742,504138,222116,4059,33286,147742
Escherichia,11218557,6318129,224554,488145,158083,0,533724,0,13055,398,4846421,13927,43268,0
Eubacterium,0,93809,52466,0,0,0,451068,73113,0,1217925,0,127632,293454,54186
Evtepia,0,72236,60088,0,0,0,264125,51700,51499,90970,97027,95066,117302,0
Extibacter,0,0,2108,0,0,0,0,0,0,0,0,0,0,0
Ezakiella,0,0,0,0,0,0,0,0,0,0,0,0,0,0
Facklamia,0,0,0,0,0,0,0,0,0,0,0,0,0,0
Faecalibacillus,0,0,37477,0,157,0,43772,0,0,0,33013,16458,29198,0
Faecalibacterium,633704,636490,828244,1496163,288082,49031,1599266,0,64733,0,4449,2130840,342110,1395255
Faecalicatena,0,7302,103513,11717,5185,5522,55060,1794,6306,19900,6954,42945,5755,43875
Faecalicoccus,0,0,0,463,0,0,0,0,0,0,0,0,0,0
Faecalimonas,0,0,206669,0,0,0,0,0,11834,0,0,0,0,36444
Faecalitalea,0,0,22589,33897,23619,0,0,0,0,0,0,0,2874,0
Fenollaria,0,0,0,0,0,0,0,0,0,0,0,0,0,0
Filifactor,0,0,0,0,0,0,0,0,0,0,0,0,0,0
Finegoldia,0,0,0,0,0,0,0,0,0,0,0,0,0,0
Flavonifractor,0,38415,43719,49473,115702,23277,33279,24375,139151,398559,54143,7110,7626,0
Fournierella,0,0,0,0,0,0,0,0,0,0,0,0,0,0
Frisingicoccus,0,0,14029,0,0,0,0,0,17533,0,0,23455,0,0
Fructilactobacillus,0,0,0,0,0,0,0,0,0,0,0,0,0,0
Fusicatenibacter,5125,0,97599,752853,0,0,609274,0,0,0,154849,547169,42312,1248480
Fusobacterium,0,0,0,0,0,0,0,0,0,0,0,0,0,0
GGB1102,0,0,0,0,3267,0,0,0,0,0,0,0,0,0
GGB1109,0,0,0,0,0,0,0,0,0,0,0,0,0,0
GGB1110,0,0,0,0,0,0,0,0,0,0,0,0,0,0
GGB11117,0,0,0,0,0,0,0,0,0,0,0,0,0,0
GGB1116,0,0,0,0,0,0,0,0,0,0,0,0,0,0
GGB1123,0,0,0,0,0,0,0,0,0,0,0,0,0,0
GGB1153,0,0,0,0,0,0,0,0,0,0,0,0,0,0
GGB1154,0,0,0,0,0,0,0,0,0,0,0,0,0,0
GGB1215,0,0,0,0,0,94,0,0,0,0,0,0,0,0
GGB1219,0,0,0,0,0,0,0,0,0,0,0,0,0,0
GGB1221,0,0,0,0,0,0,0,0,0,0,0,0,0,0
GGB1222,0,0,0,0,0,0,0,0,0,0,0,0,0,0
GGB1223,0,0,0,0,0,0,0,0,0,0,0,0,0,0
GGB1227,0,0,0,0,0,0,0,0,0,0,0,0,0,0
GGB1229,0,0,0,0,0,0,0,0,0,0,0,0,0,0
GGB1235,0,0,0,0,0,0,0,0,0,0,0,0,0,0
GGB1237,0,0,0,0,0,0,0,0,0,0,0,0,0,0
GGB1239,0,0,0,0,0,0,0,0,0,0,0,0,0,0
GGB1243,0,0,0,0,0,0,0,0,0,0,0,0,0,0
GGB1244,0,0,0,0,0,0,0,0,0,0,0,0,0,0
GGB1246,0,0,0,0,0,0,0,0,0,0,0,0,0,0
GGB1247,0,0,0,0,0,0,0,0,0,0,0,0,0,0
GGB1249,0,0,0,0,0,0,0,0,0,0,0,0,0,0
GGB1250,0,0,0,0,0,0,0,0,0,0,0,0,0,0
GGB1256,0,0,0,0,0,0,0,0,0,0,0,0,0,0
GGB1260,0,0,0,0,0,0,0,0,0,0,0,0,0,0
GGB1264,0,0,0,0,0,0,0,0,0,0,0,0,0,0
GGB1266,0,0,694,0,0,0,0,0,0,0,0,83679,24142,0
GGB1269,0,0,0,0,0,0,0,0,0,0,0,0,0,0
GGB12693,0,0,0,0,0,0,0,0,0,0,0,0,0,0
GGB1270,0,0,0,0,0,0,0,0,0,0,0,0,0,0
GGB1277,0,0,0,0,0,0,0,0,0,0,0,0,0,0
GGB12785,0,0,0,0,0,0,0,0,0,0,0,0,0,0
GGB12788,0,0,0,0,0,0,0,0,0,0,0,0,0,0
GGB12790,0,0,0,0,0,0,0,0,0,0,0,0,0,0
GGB12796,0,0,0,0,0,0,0,0,0,0,0,0,0,0
GGB12964,0,0,0,0,0,0,0,0,0,0,0,0,0,0
GGB13016,0,0,0,0,0,0,0,0,0,0,0,0,0,0
GGB13020,0,0,0,0,0,0,0,0,0,0,0,0,0,0
GGB1332,0,0,0,0,0,0,0,0,0,0,0,0,0,0
GGB1339,0,0,0,0,0,0,0,0,0,0,0,0,0,0
GGB1341,0,0,0,0,0,0,0,0,0,0,0,0,0,0
GGB1355,0,0,0,0,0,0,0,0,0,0,0,0,0,0
GGB13580,0,0,0,0,0,0,0,0,0,0,0,0,0,0
GGB1379,0,0,0,0,0,0,0,0,0,0,0,0,0,0
GGB1380,0,0,0,0,0,0,0,0,0,0,0,0,0,0
GGB1387,0,0,0,0,0,0,0,0,0,0,0,0,0,0
GGB1392,0,0,0,0,0,0,0,0,0,0,0,0,0,0
GGB14014,0,0,0,0,0,0,0,0,0,0,0,0,0,0
GGB1407,0,0,0,0,0,0,0,0,0,0,0,0,0,0
GGB1408,0,0,0,0,0,0,0,0,0,0,0,0,0,0
GGB1420,0,0,2482,0,0,0,0,0,0,0,0,0,0,0
GGB1421,0,0,0,0,0,0,0,0,0,0,0,0,0,0
GGB1455,0,0,0,0,0,0,0,0,0,0,0,0,0,0
GGB1456,0,0,0,0,0,0,0,0,0,0,0,0,0,0
GGB1495,0,0,0,779743,0,0,0,0,0,0,0,0,0,0
GGB1511,0,0,0,0,0,0,0,0,0,0,0,0,0,0
GGB1514,0,0,0,0,0,0,0,0,0,0,0,0,0,0
GGB1536,0,0,0,0,0,0,0,0,0,0,0,0,0,0
GGB1538,0,0,0,0,0,0,2545947,0,0,0,0,0,0,0
GGB1543,0,0,0,0,0,0,0,0,0,0,0,0,0,0
GGB1567,0,0,0,0,0,0,0,0,0,0,0,0,0,0
GGB1582,0,0,0,0,0,0,0,0,0,0,0,0,0,0
GGB1617,0,0,0,0,0,0,0,0,0,0,0,0,0,0
GGB1620,0,0,0,0,0,0,0,0,0,0,0,0,0,0
GGB1621,0,0,0,0,0,0,0,0,0,0,0,0,0,0
GGB1629,0,0,0,0,0,0,0,0,0,0,0,0,0,0
GGB1631,0,0,0,0,0,0,0,0,0,0,0,0,0,0
GGB1632,0,0,0,0,0,0,0,0,0,0,0,0,0,0
GGB1662,0,0,0,0,0,0,0,0,0,0,0,0,45453,0
GGB1669,0,0,0,0,0,0,0,0,0,0,0,0,0,0
GGB1671,0,0,0,0,0,0,0,0,0,0,0,0,0,0
GGB1680,0,0,0,0,0,0,0,0,0,0,0,0,0,0
GGB1681,0,0,0,0,0,0,0,0,0,0,0,0,0,0
GGB1689,0,0,5230,0,0,0,0,0,0,0,0,0,0,0
GGB1691,0,0,0,0,0,0,0,0,0,0,0,0,0,0
GGB18381,0,0,0,0,0,0,0,0,0,0,0,0,0,0
GGB18384,0,0,0,0,0,0,0,0,0,0,0,0,0,0
GGB18559,0,0,0,0,0,0,0,0,0,0,0,0,0,0
GGB24019,0,0,0,0,0,0,0,0,0,0,0,0,0,0
GGB24132,0,0,0,0,0,0,0,0,0,0,0,0,0,0
GGB24836,0,0,0,0,0,0,0,0,0,0,0,0,0,0
GGB25177,0,0,0,0,0,0,0,0,0,0,0,0,0,0
GGB25267,0,0,0,0,0,0,0,0,0,0,0,0,0,0
GGB25442,0,0,0,0,0,0,0,0,0,0,0,0,0,0
GGB25443,0,0,0,0,0,0,0,0,0,0,0,0,0,0
GGB25458,0,0,0,0,0,0,0,0,0,0,0,0,0,0
GGB25626,0,0,0,0,0,0,0,0,0,0,0,0,0,0
GGB260,0,0,0,0,0,0,0,0,0,0,0,0,0,0
GGB26772,0,0,0,0,0,0,0,0,0,0,0,0,0,0
GGB2732,0,0,0,0,0,0,0,0,0,0,0,0,0,0
GGB2734,0,0,0,0,0,0,0,0,0,0,0,0,0,0
GGB27697,0,0,0,0,0,0,0,0,0,0,0,968,0,0
GGB27774,0,0,0,0,0,0,0,0,0,0,0,0,0,0
GGB27776,0,0,0,0,0,0,0,0,0,0,0,0,0,0
GGB27849,0,0,0,0,0,0,0,0,0,0,0,0,0,0
GGB27885,0,0,0,0,0,0,0,0,0,0,0,0,0,0
GGB28319,0,0,0,0,0,0,0,0,0,0,0,0,0,0
GGB28898,0,0,0,0,0,0,0,0,0,0,0,0,0,0
GGB28991,0,0,0,0,0,0,0,0,0,0,0,0,0,0
GGB2945,0,0,0,0,0,0,0,0,0,0,0,0,0,0
GGB29535,0,0,0,0,0,0,0,0,0,0,0,0,0,0
GGB29668,0,0,703,0,0,0,0,0,0,0,0,0,0,0
GGB29685,0,0,0,0,0,0,708,0,0,0,0,0,0,0
GGB2977,0,0,0,9681,0,0,0,0,0,0,0,0,0,0
GGB2980,0,0,5743,8933,0,236,0,0,0,0,31581,0,28242,200659
GGB2982,0,0,1069,0,1474,0,0,0,9578,0,0,7139,495,0
GGB2983,0,0,258,0,0,0,0,0,0,0,0,0,0,0
GGB29848,0,0,0,0,0,0,0,0,0,0,0,0,0,0
GGB3003,0,0,0,0,0,0,0,0,0,0,0,0,0,0
GGB3004,0,0,0,0,4286,0,0,0,0,0,0,0,0,0
GGB3005,0,0,0,0,0,1054,0,34564,0,953303,56610,461,0,162994
GGB3034,0,0,0,4694,5105,0,0,0,0,0,0,0,0,0
GGB30466,0,0,0,0,0,0,0,0,0,0,0,0,0,0
GGB30473,0,0,0,0,0,0,0,0,0,0,0,0,0,0
GGB30823,0,0,0,0,0,0,0,0,0,0,0,0,0,0
GGB3095,0,0,0,0,0,0,0,0,0,0,0,0,0,0
GGB3111,0,0,0,0,0,0,0,0,0,0,0,0,0,0
GGB3118,0,0,0,0,0,0,0,0,0,0,0,0,0,0
GGB31184,0,0,0,0,0,0,0,0,0,0,0,0,0,0
GGB3123,0,0,0,0,0,20058,0,0,0,0,0,0,0,0
GGB3161,0,0,0,0,0,0,0,0,0,0,0,0,0,0
GGB3185,0,0,0,0,0,0,0,0,0,0,0,0,0,0
GGB3189,0,0,0,0,0,0,0,0,0,0,0,0,0,0
GGB3204,0,0,0,0,0,0,0,0,0,0,0,0,0,0
GGB3226,0,0,0,0,0,0,0,0,0,0,0,0,0,0
GGB3236,0,0,0,0,0,0,0,0,0,0,0,0,0,0
GGB32463,0,0,0,0,4724,0,0,6725,0,2831,0,0,0,0
GGB3256,0,188201,73207,0,0,0,0,0,0,147,0,0,15175,0
GGB3264,0,0,0,0,0,0,0,0,0,0,0,0,0,0
GGB3266,0,0,0,0,0,0,0,0,0,0,0,0,0,0
GGB3277,0,0,262359,89270,19788,0,0,0,0,0,0,84566,0,0
GGB3278,0,0,0,0,0,0,0,0,0,0,0,0,0,241808
GGB3293,0,0,369779,919289,0,0,0,0,0,0,31439,0,32288,0
GGB3303,0,0,0,0,0,0,0,0,0,0,0,0,0,0
GGB33356,0,0,0,0,0,0,0,0,0,0,0,0,0,0
GGB3341,0,0,0,0,0,0,0,0,0,0,0,0,0,0
GGB3343,0,0,0,0,0,0,0,0,0,0,0,0,0,0
GGB33432,0,0,0,0,0,0,0,0,0,0,0,0,0,0
GGB3344,0,0,0,0,0,0,0,0,0,0,0,0,0,0
GGB33516,0,0,3546,0,0,0,0,0,0,0,0,0,0,0
GGB33657,0,0,0,0,0,0,0,0,0,0,0,0,0,0
GGB33665,0,0,0,0,0,0,0,0,0,0,0,0,0,0
GGB3385,0,0,0,0,0,0,0,0,0,0,0,0,0,0
GGB34228,0,0,0,0,0,0,0,0,0,0,0,0,0,0
GGB3424,0,0,0,0,0,0,0,0,0,0,0,0,0,0
GGB3433,40184,90988,171079,0,16632,0,537158,257414,286364,27351,0,32018,0,1128693
GGB34476,0,0,0,0,0,0,0,0,0,0,0,0,0,0
GGB3463,0,0,0,0,0,0,0,0,9685,0,0,0,0,0
GGB3474,0,0,0,0,0,0,0,0,0,0,0,0,0,0
GGB3478,0,0,51579,0,0,0,0,0,0,0,0,0,0,0
GGB3486,0,0,0,0,0,0,0,0,0,0,0,0,0,0
GGB3490,0,0,0,0,0,0,0,0,0,0,0,0,0,0
GGB3491,0,0,0,0,0,0,0,0,0,0,0,0,0,0
GGB35068,0,0,0,0,0,0,0,0,0,0,0,0,0,0
GGB3510,0,0,2241,0,0,0,0,0,0,1521,0,0,562,0
GGB3523,0,0,0,0,1564,0,16981,0,58441,0,0,0,0,123718
GGB3528,0,0,0,0,0,0,0,0,0,0,0,0,0,0
GGB3532,0,0,0,0,0,0,0,0,0,0,0,0,0,0
GGB3537,0,0,15039,2080,0,523,0,0,3080,0,0,0,0,56493
GGB35456,0,0,0,0,0,0,0,0,0,0,0,0,0,0
GGB35551,0,0,0,0,0,0,0,0,0,0,0,0,0,0
GGB3569,0,0,0,0,0,0,0,0,0,0,0,0,0,0
GGB3570,0,0,0,0,0,0,0,0,0,0,0,0,0,0
GGB3571,0,0,234,0,0,0,0,11519,0,0,0,898,1071,4207
GGB35743,0,0,0,0,0,0,0,0,0,0,0,0,0,0
GGB3583,0,0,0,0,0,0,0,323,0,0,0,0,0,369
GGB3606,0,0,0,0,0,0,0,0,0,0,0,0,0,0
GGB3614,0,0,0,0,0,0,0,0,0,0,0,500569,7780,0
GGB3617,0,0,0,0,0,0,0,0,0,0,0,0,0,0
GGB3623,0,0,0,0,0,0,0,0,0,0,0,0,0,0
GGB3632,0,0,0,0,0,0,0,0,0,0,0,0,0,0
GGB36331,0,0,0,0,0,0,0,0,0,0,0,0,0,0
GGB3637,0,0,0,0,0,0,0,0,0,0,0,0,0,0
GGB3640,0,0,0,0,0,0,0,0,0,0,0,0,0,0
GGB3643,0,0,0,0,0,0,0,0,0,0,0,0,0,0
GGB36472,0,0,0,0,0,0,0,0,0,49369,0,0,0,0
GGB3654,0,0,0,0,0,0,0,0,0,0,0,0,0,0
GGB3677,0,0,0,0,0,0,0,0,0,0,0,0,0,0
GGB3678,0,251,0,15716,0,0,0,0,0,0,0,0,0,0
GGB3717,0,0,0,0,0,0,0,0,0,0,0,0,0,0
GGB3733,0,0,0,0,0,0,0,0,0,0,0,0,0,0
GGB3737,0,0,0,0,0,0,0,0,0,0,0,0,0,0
GGB3738,0,0,0,0,0,0,0,0,0,0,0,0,0,0
GGB3743,0,0,0,0,0,0,0,0,0,0,0,0,0,0
GGB3746,0,0,2565,0,7364,0,0,0,0,0,0,5692,1802,9281
GGB3751,0,0,0,0,0,0,0,0,0,0,0,0,0,0
GGB3817,0,0,0,6413,0,0,0,0,0,17741,6976,0,0,0
GGB38171,0,0,0,0,6811,0,0,0,0,0,0,0,0,0
GGB3859,0,0,0,0,0,0,0,0,0,0,0,0,0,0
GGB3862,0,0,0,0,0,0,0,0,0,0,0,0,0,0
GGB3887,0,0,0,0,0,0,0,0,0,0,0,0,0,0
GGB3892,0,0,0,0,0,0,0,0,0,0,0,0,0,0
GGB38987,0,0,0,4845,0,0,0,0,0,0,0,0,0,0
GGB39644,0,0,0,0,0,0,0,0,0,0,0,0,0,0
GGB39918,0,0,0,0,0,0,0,0,0,0,0,0,0,0
GGB41366,0,0,0,0,0,0,0,0,0,0,0,0,0,0
GGB41458,0,0,754,0,0,0,0,0,0,0,0,0,0,0
GGB4197,0,0,0,0,0,0,0,0,0,0,0,0,0,0
GGB42184,0,0,1064,0,0,0,0,0,0,0,0,0,0,0
GGB4237,0,0,0,0,0,0,0,0,0,0,0,0,0,0
GGB4238,0,0,0,0,0,0,0,0,0,0,0,0,0,0
GGB42389,0,331,0,0,0,0,0,0,0,0,0,0,0,0
GGB4239,0,0,0,0,0,0,0,0,388383,0,0,0,0,0
GGB4243,0,0,0,0,0,0,0,0,0,0,0,0,0,0
GGB4249,0,0,0,0,0,0,0,0,0,0,0,0,0,0
GGB4261,0,0,0,0,0,0,0,0,0,0,0,0,0,0
GGB4262,0,0,0,0,0,0,0,0,0,0,0,0,0,0
GGB4263,0,0,0,0,0,0,0,0,0,0,0,0,0,0
GGB4266,0,0,0,0,0,0,0,0,0,0,0,0,0,0
GGB42674,0,0,0,0,0,0,0,0,0,0,0,0,0,0
GGB42689,0,0,0,0,0,0,0,0,0,0,0,0,0,0
GGB42711,0,0,0,0,0,0,0,0,0,0,0,0,0,0
GGB4277,0,0,0,0,0,0,0,0,0,0,0,0,0,0
GGB4285,0,0,0,0,0,0,0,0,0,0,0,0,0,0
GGB4312,0,0,0,0,0,0,0,0,0,0,0,0,0,0
GGB4456,0,0,904,0,0,0,0,0,0,0,0,0,0,82123
GGB4482,0,0,1549,0,0,0,0,0,0,0,0,0,0,36329
GGB4491,0,0,0,0,0,0,0,0,0,0,0,0,0,0
GGB45432,0,0,1611,3145,46605,29081,161345,7801,22073,26661,0,9624,3391,0
GGB45461,0,0,0,0,0,0,0,0,0,0,0,0,0,0
GGB4549,0,0,0,0,0,0,0,0,0,0,0,0,0,0
GGB45491,0,0,331,0,0,809,0,249,0,0,0,1001,7908,0
GGB45495,0,0,2968,0,0,4751,0,0,0,0,3301,296,401,0
GGB4550,0,0,0,0,0,0,0,0,0,0,0,0,0,0
GGB45509,0,0,0,0,0,0,0,0,0,0,0,0,0,0
GGB45537,0,0,0,0,0,0,0,0,0,0,0,0,0,0
GGB4554,0,0,0,0,0,0,0,0,0,0,0,0,0,0
GGB45540,0,0,0,0,0,0,0,0,0,0,0,0,0,0
GGB4557,0,0,0,0,0,0,0,0,0,0,0,0,0,0
GGB45597,0,0,0,4380,0,0,0,0,0,0,0,0,0,0
GGB45599,0,0,0,128,0,0,0,0,0,0,0,0,0,0
GGB45600,0,0,0,0,0,0,0,0,0,0,0,0,0,0
GGB45620,0,0,0,0,0,0,0,0,0,0,0,0,0,0
GGB4566,0,0,0,0,0,0,0,0,0,0,3328,0,1785,0
GGB4569,0,0,13059,0,0,0,0,0,0,0,0,0,0,0
GGB4574,0,0,0,0,0,0,0,0,0,0,0,0,0,0
GGB4579,0,0,0,0,0,0,0,0,0,0,0,0,0,0
GGB4584,0,0,0,0,0,0,0,0,0,0,0,0,0,0
GGB4585,0,0,0,0,0,0,0,0,0,0,0,0,0,0
GGB4588,0,0,0,0,0,0,0,0,0,0,0,0,0,0
GGB4596,0,0,0,0,0,0,0,0,0,0,0,0,0,0
GGB4599,0,0,0,0,0,0,0,0,0,0,0,0,0,0
GGB4602,0,0,0,0,0,0,0,0,0,0,0,0,0,0
GGB4603,0,0,0,0,0,0,0,0,0,0,0,0,0,0
GGB4609,0,0,0,0,0,0,0,0,0,0,0,0,0,0
GGB4610,0,0,0,0,0,0,0,0,0,0,0,0,0,0
GGB46145,0,0,0,0,0,0,0,0,0,0,0,0,0,0
GGB4616,0,0,0,0,0,0,0,0,0,0,0,0,0,0
GGB4638,0,0,0,0,0,0,0,0,0,0,0,0,0,0
GGB4640,0,0,0,0,0,0,0,0,0,0,0,0,0,0
GGB4641,0,0,0,0,0,0,0,0,0,0,0,0,0,0
GGB4651,0,0,0,0,0,0,0,0,0,0,0,0,0,0
GGB4652,0,0,0,0,0,0,0,0,0,0,0,0,0,0
GGB4661,0,0,0,0,0,0,0,0,0,0,0,0,0,0
GGB4667,0,0,0,0,0,0,0,0,0,0,0,0,0,0
GGB4669,0,0,5841,0,0,0,0,0,0,0,0,0,0,0
GGB4671,0,0,0,0,0,0,0,0,0,0,0,0,0,0
GGB4672,0,0,0,0,0,0,0,0,0,0,0,0,0,0
GGB4676,0,0,0,0,0,0,0,0,0,0,0,0,0,0
GGB4686,0,0,0,0,0,0,0,0,0,0,0,0,0,0
GGB4687,0,0,0,0,0,0,0,0,0,0,0,0,0,0
GGB4698,0,0,0,0,0,0,0,0,0,0,0,0,0,0
GGB4700,0,0,0,0,0,0,0,0,0,0,0,0,0,0
GGB4702,0,0,0,0,0,0,0,0,0,0,0,0,0,0
GGB4710,0,0,0,0,0,0,0,0,0,0,0,0,0,0
GGB4711,0,0,0,0,0,0,0,0,0,0,0,0,0,0
GGB4713,0,0,0,0,0,0,0,0,0,0,0,0,0,0
GGB4739,0,0,0,0,0,0,0,0,0,0,0,0,0,0
GGB4750,0,0,0,0,0,0,0,0,0,0,0,0,0,0
GGB4751,0,0,0,0,0,0,0,0,0,0,0,0,0,0
GGB4768,0,0,0,0,0,0,0,0,0,0,0,0,0,0
GGB4769,0,0,0,0,0,0,0,0,0,0,0,0,0,0
GGB4773,0,0,0,0,0,0,0,0,0,0,0,0,0,0
GGB4780,0,0,0,0,0,0,0,0,0,0,0,0,0,0
GGB48144,0,0,0,0,0,0,0,0,0,0,0,0,0,0
GGB48169,0,0,0,0,0,0,0,0,0,0,0,0,0,0
GGB48468,0,0,0,0,0,0,0,0,0,0,0,0,0,0
GGB48540,0,0,0,0,0,0,0,0,0,0,0,0,0,0
GGB4888,0,0,0,0,0,0,0,0,0,0,0,0,0,0
GGB49418,0,0,0,0,0,0,0,0,0,0,0,0,0,0
GGB4964,0,0,0,0,0,0,0,0,0,0,0,0,0,0
GGB4979,0,0,0,0,0,0,0,0,0,0,0,0,0,0
GGB51441,0,0,0,0,0,0,0,0,0,0,0,4172,0,0
GGB51510,0,0,0,0,0,0,0,0,0,0,0,0,0,0
GGB519,0,0,0,0,0,0,0,0,0,0,0,0,0,0
GGB51959,0,0,0,0,0,0,0,0,0,0,40975,0,0,0
GGB51960,0,0,0,0,0,0,0,0,0,0,0,0,0,0
GGB52306,0,0,0,0,0,0,0,0,0,0,0,0,0,0
GGB52382,0,0,0,0,0,0,0,0,0,0,0,0,0,0
GGB52930,0,0,0,0,0,0,0,0,0,0,0,0,0,0
GGB55957,0,0,0,0,0,0,0,0,0,0,0,0,0,0
GGB58071,0,0,0,0,0,0,0,0,0,0,0,0,0,0
GGB58158,0,339,1501,0,0,0,0,0,2163,0,0,0,492,0
GGB58233,0,0,711,0,672,0,4441,0,1565,0,1040,0,51,0
GGB58485,0,0,0,0,0,0,0,0,0,0,0,0,0,0
GGB5975,0,0,0,0,0,0,0,0,0,0,0,0,0,0
GGB5980,0,0,0,0,0,0,0,0,2848,0,0,0,0,0
GGB5997,0,0,0,0,0,0,0,0,0,0,0,0,0,0
GGB5998,0,0,0,0,0,0,0,0,0,0,0,0,0,0
GGB6007,0,0,0,0,0,0,0,0,0,0,0,0,13457,0
GGB6009,0,0,0,0,0,0,0,0,0,0,0,0,0,0
GGB6010,0,0,0,0,0,0,0,0,0,0,0,0,0,0
GGB6012,0,0,0,0,0,0,0,0,0,0,0,0,0,0
GGB6015,0,0,0,0,0,0,0,0,0,0,0,0,0,0
GGB6016,0,0,0,0,0,0,0,0,0,0,0,0,0,0
GGB6021,0,0,0,0,0,0,0,0,0,0,0,0,0,0
GGB6038,0,0,0,0,0,0,0,0,0,0,0,0,0,0
GGB6128,0,0,0,0,0,0,0,0,0,0,0,0,0,0
GGB6132,0,0,0,0,0,0,0,0,0,0,0,0,0,0
GGB6511,0,0,0,0,0,0,0,0,0,0,0,0,0,0
GGB6521,0,0,0,0,0,0,0,0,0,0,0,0,0,0
GGB6522,0,0,0,0,0,0,0,0,0,0,0,0,0,0
GGB6544,0,0,0,0,0,0,0,0,0,0,0,0,0,0
GGB6546,0,0,0,0,0,0,0,0,0,0,0,0,0,0
GGB6547,0,0,59732,0,56053,0,0,0,0,0,0,0,0,0
GGB6550,0,0,0,0,0,0,0,0,0,0,0,0,0,0
GGB6554,0,0,0,0,0,0,0,0,0,0,0,0,0,0
GGB6561,0,0,0,0,0,0,0,0,0,0,0,0,0,0
GGB6565,0,0,0,0,0,0,0,0,0,0,0,0,0,0
GGB6566,0,0,0,0,0,0,0,0,0,0,0,0,0,0
GGB6567,0,0,227,0,0,0,0,0,0,0,0,0,0,0
GGB6568,0,0,0,0,0,0,0,0,0,0,0,0,0,0
GGB6574,0,0,0,0,0,0,0,0,0,0,0,0,0,0
GGB6580,0,0,0,96253,0,0,0,0,0,0,0,0,0,0
GGB6582,0,0,0,0,0,0,0,0,0,0,0,0,0,0
GGB6601,0,0,0,0,0,0,71737,0,0,0,0,0,1856,0
GGB6606,0,0,0,0,0,0,0,0,0,0,0,0,0,0
GGB6608,0,0,0,0,0,0,0,0,0,0,0,0,9016,0
GGB6612,0,0,0,0,0,0,0,0,0,0,0,1498,0,0
GGB6613,0,0,0,0,0,0,0,0,0,0,0,0,0,0
GGB6648,0,0,0,0,0,0,0,0,0,0,0,0,0,0
GGB6649,0,0,10412,0,1000,0,0,0,0,0,0,1881,0,0
GGB759,0,0,0,0,0,0,0,0,0,0,0,0,0,0
GGB781,0,0,0,825667,0,0,0,0,0,0,0,186,0,0
GGB8965,0,0,0,0,0,0,0,0,0,0,0,0,0,0
GGB9045,0,0,0,0,0,0,0,0,0,0,0,0,0,0
GGB9047,0,0,0,0,0,0,0,0,0,0,0,0,0,0
GGB9050,0,0,0,0,0,0,0,0,0,0,0,0,0,0
GGB9051,0,0,0,0,0,0,0,0,0,0,0,0,0,0
GGB9052,0,0,0,0,0,0,0,0,0,0,0,3123,0,0
GGB9054,0,0,0,0,0,0,0,0,0,0,0,0,0,0
GGB9055,0,0,0,0,0,0,0,0,0,0,0,0,0,0
GGB9058,0,0,0,0,0,0,0,0,0,0,0,0,0,0
GGB9059,0,0,0,0,0,0,0,0,0,0,0,0,0,0
GGB9067,0,0,0,0,0,0,0,0,0,0,0,0,0,0
GGB9074,0,0,0,0,0,0,0,0,0,0,0,0,0,0
GGB9086,0,0,0,0,0,0,0,0,0,0,0,0,0,0
GGB9101,0,0,0,0,0,0,0,0,0,0,0,0,0,0
GGB9104,0,0,0,1111,0,0,0,0,0,0,0,0,0,0
GGB9145,0,0,0,0,0,0,0,0,0,0,0,0,0,0
GGB9168,0,0,0,0,0,0,0,0,0,0,0,0,0,0
GGB9176,0,0,2620,0,0,0,0,0,0,0,0,1485,0,0
GGB9186,0,0,0,0,0,0,0,0,0,0,0,0,2794,0
GGB9209,0,0,0,0,0,0,0,0,0,0,0,0,0,0
GGB9237,0,0,935,0,0,7051,0,0,0,0,0,5505,0,0
GGB9239,0,0,1445,0,0,0,0,0,0,0,0,0,0,0
GGB9260,0,0,0,0,0,0,0,0,0,0,0,0,0,0
GGB9270,0,0,0,0,0,0,0,0,0,0,0,0,0,0
GGB9278,0,0,0,0,0,0,0,0,0,0,0,0,0,0
GGB9284,0,0,0,0,0,0,0,0,0,0,0,0,0,0
GGB9285,0,0,0,0,0,0,0,0,0,0,0,0,0,0
GGB9288,0,0,0,0,0,0,0,0,0,0,0,0,0,0
GGB9291,0,0,75,0,0,0,0,0,0,0,0,0,0,0
GGB9303,0,0,0,0,0,0,0,0,0,0,0,0,0,0
GGB9331,0,0,0,0,0,0,0,0,0,0,0,0,0,0
GGB9332,0,0,0,0,0,0,0,0,0,0,0,0,0,0
GGB9333,0,0,0,0,0,0,0,0,0,0,0,0,0,0
GGB9342,0,0,280365,0,0,0,0,0,0,0,0,59138,385891,0
GGB9347,0,0,62496,0,0,0,0,0,0,0,0,0,0,0
GGB9348,0,0,0,0,0,0,0,0,0,0,0,0,0,0
GGB9350,0,0,0,0,0,0,0,0,0,0,0,3993,0,0
GGB9361,0,0,0,0,0,0,0,0,0,0,0,0,0,0
GGB9369,0,0,0,0,0,0,0,0,0,0,0,0,0,0
GGB9394,0,0,0,0,0,0,0,0,0,0,0,0,0,0
GGB9423,0,0,19080,0,0,0,0,0,0,0,0,0,0,0
GGB9434,0,0,0,0,0,0,0,0,0,0,0,0,0,0
GGB9452,0,0,0,0,0,0,0,0,0,0,0,0,0,0
GGB9454,0,0,0,0,0,0,0,0,0,0,0,0,0,0
GGB9455,0,0,0,0,0,0,0,0,0,0,0,0,0,0
GGB9457,0,0,0,0,0,0,0,0,0,0,0,0,0,0
GGB9478,0,0,0,0,0,0,0,0,0,0,0,0,0,0
GGB9480,0,0,0,0,0,0,0,0,0,0,0,0,0,0
GGB9494,0,0,62,0,4748,0,0,0,0,31,0,0,1218,15877
GGB9501,0,0,0,0,0,0,0,0,0,0,0,0,0,0
GGB9510,0,0,0,0,0,0,0,0,0,0,0,0,0,0
GGB9512,1140,3805,942,0,64258,0,0,24166,31495,0,848,21842,81328,15166
GGB9522,0,0,0,3946,0,0,0,0,0,0,0,2438,3092,0
GGB9523,0,0,0,0,0,0,0,0,0,0,76713,0,0,620
GGB9524,0,0,846,0,0,0,0,7296,0,0,0,7455,0,0
GGB9528,0,0,0,0,0,0,0,0,0,0,0,0,0,0
GGB9530,0,0,0,0,0,0,0,0,0,0,0,0,0,0
GGB9532,0,0,1225,0,0,0,0,0,0,0,0,0,0,0
GGB9537,0,0,0,0,0,6218,0,0,0,31735,807,5622,0,0
GGB9540,0,0,0,0,0,0,0,0,0,0,0,0,0,0
GGB9551,0,0,63,0,0,0,0,0,0,0,0,0,0,0
GGB9557,0,0,0,0,84,0,246,1969,0,0,20,283,0,0
GGB9559,0,0,0,0,0,0,0,0,0,0,0,995,0,0
GGB9560,0,0,0,0,0,0,0,0,0,0,0,0,0,0
GGB9561,0,0,0,0,0,0,0,0,0,0,0,0,0,0
GGB9568,0,0,0,0,0,0,0,0,0,0,0,0,0,0
GGB9574,0,0,0,0,0,0,0,0,0,0,0,0,0,0
GGB9580,0,0,0,0,0,0,0,0,55687,43135,9803,0,0,0
GGB9581,12017,1601,3283,0,487,0,638,732,4711,0,4870,10872,0,0
GGB9582,0,0,0,0,0,0,0,0,0,0,0,0,0,0
GGB9583,0,0,0,0,0,0,0,0,0,0,0,0,0,0
GGB9589,0,0,0,0,0,0,0,0,0,0,0,0,0,0
GGB9590,0,0,0,0,0,0,0,0,0,0,0,0,0,0
GGB9591,0,0,0,0,0,0,0,0,0,0,0,0,0,0
GGB9593,0,0,0,0,0,0,0,0,0,0,0,0,0,0
GGB9594,0,0,0,0,0,0,0,0,0,0,0,0,0,0
GGB9595,0,0,0,0,0,0,0,0,0,0,0,0,0,0
GGB9597,0,0,0,0,0,0,0,0,0,0,0,0,0,0
GGB9602,0,0,14939,0,0,0,0,0,0,0,0,14288,0,0
GGB9603,0,0,0,0,0,0,0,0,0,0,0,0,0,0
GGB9608,0,0,0,0,0,0,0,0,0,0,0,0,0,0
GGB9610,0,0,0,0,0,71055,0,0,0,0,0,0,569,0
GGB9614,0,0,0,2235,0,0,0,0,0,0,0,0,0,0
GGB9615,0,20835,0,4121,0,0,0,0,0,0,0,97914,23641,0
GGB9618,0,0,0,0,0,0,0,0,0,0,0,0,0,0
GGB9619,0,0,0,0,0,0,0,0,0,0,0,0,0,0
GGB9620,116,0,0,0,0,14281,0,0,0,0,1724,0,0,0
GGB9621,0,0,0,2753,0,0,0,0,0,0,0,0,0,0
GGB9622,0,0,0,0,0,0,0,0,0,0,0,0,0,0
GGB9623,0,0,0,1223,0,0,0,0,0,0,0,0,0,0
GGB9627,0,1909,0,48028,0,0,0,0,0,0,0,395,12161,0
GGB9628,0,0,0,0,0,0,0,0,0,0,0,0,0,0
GGB9631,0,0,11966,0,0,0,0,0,0,0,0,16133,41533,0
GGB9632,24696,49017,661,28175,0,13619,910251,12254,0,0,0,13139,12194,184336
GGB9633,0,0,612,0,0,0,0,0,0,0,0,129875,2912849,0
GGB9634,0,0,0,0,0,0,0,0,0,0,0,786,0,0
GGB9635,0,0,99639,0,0,74770,0,0,0,844,0,242450,18963,0
GGB9636,0,0,18957,0,0,0,0,0,0,0,0,0,0,0
GGB9637,0,0,0,0,0,0,0,0,0,0,0,0,0,0
GGB9640,0,0,0,0,0,0,0,0,0,0,0,0,305,0
GGB9642,0,0,0,0,34701,43141,0,0,0,0,0,0,0,0
GGB9644,0,0,0,88414,0,0,0,0,0,0,0,0,0,810516
GGB9646,0,0,1732,0,0,0,0,0,0,0,0,13160,0,0
GGB9667,0,0,0,0,2017,0,0,861,0,11288,2790,1516,0,0
GGB9668,0,0,0,0,0,0,0,0,0,0,0,0,0,0
GGB9673,0,0,179102,0,0,0,0,0,0,0,0,0,0,0
GGB9674,0,0,0,0,0,0,0,0,0,0,0,0,0,0
GGB9677,0,0,0,0,0,0,0,0,0,0,0,0,0,0
GGB9686,0,0,0,0,0,0,0,0,0,0,0,0,0,0
GGB9687,0,0,0,0,0,0,0,0,0,0,0,0,0,0
GGB9691,0,0,0,0,0,0,0,0,0,0,0,0,0,0
GGB9694,0,0,37144,0,0,104113,0,0,0,264111,263366,0,5154,6108
GGB9695,0,0,0,0,0,0,0,0,0,0,0,0,0,0
GGB9696,0,0,0,0,0,0,0,0,0,0,0,0,0,0
GGB9697,0,0,0,0,0,0,0,0,0,0,0,0,0,0
GGB9699,0,0,45767,8323,0,8780,0,0,0,0,137365,2198,53280,0
GGB9701,0,0,0,0,0,0,0,0,0,0,0,0,0,0
GGB9705,0,0,0,0,0,0,0,0,0,0,0,1559,0,0
GGB9707,0,0,0,0,0,0,0,0,0,0,0,5491,151,0
GGB9709,0,0,0,0,0,0,0,0,0,0,0,0,0,0
GGB9710,0,0,0,0,0,0,0,0,0,0,0,0,0,0
GGB9712,0,0,50169,0,0,36279,0,0,0,0,0,37998,84635,0
GGB9716,0,0,1709,0,0,0,0,0,0,0,0,0,0,0
GGB9717,0,0,0,0,0,0,0,0,0,0,0,0,0,0
GGB9727,0,0,0,0,0,0,0,0,0,0,0,0,0,0
GGB9730,50136,0,1175,0,0,0,0,0,0,0,2088,41261,0,0
GGB9732,0,0,0,0,0,0,0,0,0,0,0,0,0,0
GGB9734,0,0,0,0,0,0,0,0,0,0,0,0,0,0
GGB9739,0,0,0,0,21349,0,0,0,74624,0,0,0,0,0
GGB9758,0,0,0,0,0,0,0,0,0,0,0,108900,0,0
GGB9768,0,0,0,0,0,0,0,0,0,0,0,0,0,0
GGB9774,0,0,0,0,0,0,0,0,0,0,0,0,0,0
GGB9778,0,0,0,0,0,0,0,0,0,0,0,0,0,0
GGB9787,0,0,487,0,0,0,0,0,0,0,0,3429,6251,0
GGB9815,0,0,0,0,0,0,0,0,0,0,0,0,0,0
GGB9818,0,0,0,0,0,0,0,0,0,0,0,4049,23347,0
Gardnerella,0,0,3501,0,0,0,0,0,0,0,0,0,0,0
Gemella,0,0,0,0,0,0,0,0,0,0,0,0,0,0
Gemmiger,0,392038,41580,1527259,0,0,3597253,0,0,0,147244,721691,73078,1126947
Giardia,0,0,0,0,0,0,0,0,0,0,0,0,0,0
Gordonibacter,0,8343,66740,1079,0,41767,11544,12428,13558,56854,97936,25840,1408,18148
Granulicatella,0,0,0,0,0,0,0,0,0,0,0,0,0,0
Haemophilus,0,0,0,0,0,0,0,0,0,0,0,0,0,0
Hafnia,0,0,0,0,0,0,0,0,0,0,0,0,0,0
Harryflintia,0,0,6224,3511,847,44989,0,0,0,0,0,1940,1273,13907
Helicobacter,0,0,0,0,0,0,0,0,0,0,0,0,0,0
Holdemanella,0,0,0,0,0,0,0,0,0,0,0,0,0,0
Holdemania,440,27555,15677,0,9108,2687,13723,2992,11061,1927,0,8955,1591,92758
Hungatella,3509,0,98796,408,90737,362191,859611,0,0,20367,1227472,0,235466,5999
Hydrogeniiclostidium,0,0,0,0,15224,0,57956,0,0,20597,0,0,1081,0
Intestinibacillus,0,0,0,0,0,0,0,975,0,0,0,0,0,0
Intestinibacter,0,0,23533,0,0,0,9690,0,0,0,265,0,0,74742
Intestinimonas,49192,0,30569,0,36138,15901,1910,0,0,72082,26429,7919,0,1245
Isoptericola,0,0,0,0,0,0,2369,0,0,0,3623,760,0,2744
Klebsiella,16611,0,0,0,0,0,0,0,0,0,0,0,0,0
Kluyvera,268116,0,0,0,0,0,0,0,0,0,0,0,0,0
Kytococcus,0,0,0,0,0,0,0,0,0,0,0,0,0,0
Lachnoclostridium,34128,31136,21470,19576,40728,1608352,262067,228231,10563,54963,249136,75,24838,331598
Lachnospira,0,28606,53940,268066,3814,0,0,0,0,0,0,67997,36843,18537
Lacrimispora,4986,3660,13560,9262,0,0,954752,0,547063,81682,0,132729,0,110409
Lacticaseibacillus,0,0,1498,0,0,0,0,0,0,20181,0,0,0,0
Lactimicrobium,0,0,0,0,0,0,0,0,0,0,0,0,0,0
Lactiplantibacillus,0,0,0,0,0,0,0,0,0,0,0,0,0,0
Lactobacillus,0,0,35250,0,0,0,0,0,78,0,0,87,0,0
Lactococcus,0,0,0,0,0,0,23173,0,687,0,17739,0,11117,61988
Lactonifactor,0,0,0,0,0,0,14262,0,0,0,14655,0,0,0
Lancefieldella,0,0,253,0,0,0,1122,425,0,0,0,0,0,0
Latilactobacillus,0,0,0,0,0,0,0,0,0,0,0,0,0,0
Lautropia,0,0,0,0,0,0,0,0,0,0,0,0,0,0
Lawsonella,0,0,0,0,0,0,2253,0,0,0,0,0,0,0
Lawsonibacter,0,0,139,0,0,21664,0,0,0,0,0,63021,274,0
Lelliottia,0,0,0,0,0,0,0,0,0,0,0,0,0,0
Lentilactobacillus,0,0,0,0,0,0,0,0,0,0,0,0,0,0
Leptotrichia,0,0,0,0,0,0,0,0,0,0,0,0,0,0
Leuconostoc,0,0,0,0,0,0,0,0,0,0,0,0,0,0
Levilactobacillus,0,0,0,0,0,0,0,0,0,0,0,0,0,0
Levyella,0,0,0,0,0,387,0,0,0,0,0,0,0,0
Ligilactobacillus,0,0,7808,0,0,0,0,0,0,0,359198,0,0,0
Limosilactobacillus,0,0,81377,0,0,0,0,0,0,4221,0,0,0,0
Longibaculum,0,0,0,0,0,0,0,0,1577,0,1945,0,0,0
Longicatena,0,0,130108,0,0,6466,0,26926,15451,66678,0,0,0,35586
Mailhella,0,0,0,0,0,0,0,0,0,0,0,0,0,0
Marvinbryantia,0,0,0,0,0,0,0,78665,0,0,0,0,0,0
Massilicoli,0,0,0,0,0,0,0,2051,0,0,0,0,0,0
Massilimaliae,0,0,316,0,1298,0,3806,0,1052,4825,6670,0,101,18258
Massilimicrobiota,0,0,0,0,0,3716,0,0,0,70,0,0,186,76
Massilioclostridium,0,0,3220,0,899,0,6603,251,0,0,3533,0,0,647
Massilistercora,0,0,1519,0,0,27869,0,0,0,0,0,0,39282,3324
Mediterranea,0,0,0,0,0,0,0,0,0,0,0,0,0,0
Mediterraneibacter,100098,203205,197855,283902,268259,792730,709293,576333,342924,740234,222140,822396,399430,410319
Megamonas,0,0,0,0,0,0,0,0,0,0,0,0,6001,0
Megasphaera,0,0,0,0,0,0,0,0,0,0,0,0,0,0
Merdibacter,0,0,0,0,0,0,0,0,0,0,0,0,0,0
Merdimonas,0,0,0,1793,0,0,0,0,0,0,10725,0,0,0
Mesosutterella,0,0,0,0,0,0,0,0,0,0,0,0,0,0
Methanobrevibacter,0,0,28700,14573,0,359526,0,0,0,0,0,19805,221153,400801
Methanomassiliicoccus,0,0,0,0,0,0,0,0,0,0,0,0,0,0
Methanosphaera,0,0,1119,0,0,0,0,0,0,0,0,0,0,0
Microbacterium,0,0,0,0,0,0,0,0,0,0,0,0,0,0
Millionella,0,0,0,0,0,0,0,0,0,0,0,0,0,0
Mitsuokella,0,0,0,0,0,0,0,0,0,0,0,0,0,0
Mobilibacterium,0,0,0,0,0,0,0,0,0,0,0,0,0,0
Mobiluncus,0,0,0,0,0,0,0,0,0,286,0,0,0,0
Mogibacterium,0,0,0,0,0,0,3362,0,0,0,3847,0,2610,237
Monoglobus,0,0,142311,0,5778,17438,0,0,17208,0,0,11394,0,26138
Morganella,0,0,0,0,0,0,0,0,0,0,0,0,0,0
Mucispirillum,0,0,0,0,0,0,0,0,0,0,0,0,0,0
Muribaculum,0,0,0,0,0,0,0,0,0,0,0,36099,0,0
Murimonas,0,0,2805,0,0,0,0,0,0,0,0,0,0,0
Negativibacillus,0,10772,15782,104545,0,0,50362,0,0,0,0,0,0,0
Neglecta,0,0,14264,0,0,27466,119247,2044,0,0,23700,58422,4084,220938
Neisseria,0,0,0,0,0,0,0,0,0,0,0,0,0,0
Neobittarella,0,54,0,1953,0,0,0,0,1095,4976,0,0,0,0
Odoribacter,0,0,7644754,64124,191867,0,64050,52994,223397,50206,3256,99372,91118,10790
Olsenella,0,0,0,0,0,0,608,0,0,0,0,0,0,0
Oribacterium,0,0,0,0,0,0,0,0,0,0,0,0,0,0
Oscillibacter,245344,0,19825,75329,0,0,0,0,679,0,0,27,95,0
Oxalobacter,0,0,0,0,0,0,0,0,0,0,0,0,0,0
Paeniclostridium,0,0,0,0,0,0,0,0,0,0,0,0,0,0
Parabacteroides,0,179994,55526,1074389,584317,1163682,179734,2479383,546378,2703426,1052549,426371,1114254,390456
Paraeggerthella,0,0,0,0,0,0,0,0,0,0,0,0,0,0
Paramuribaculum,0,0,0,0,0,0,0,0,0,0,0,0,0,0
Paraprevotella,0,0,345,871051,112258,0,0,0,0,0,0,0,18924,0
Parascardovia,0,0,1262,0,0,0,0,0,0,0,0,0,0,0
Parasutterella,0,0,32818,0,0,0,28494,117027,86636,5213,0,95529,919,102704
Parolsenella,0,0,0,0,0,0,0,0,0,0,0,0,0,0
Parvimonas,0,0,0,0,0,0,0,0,0,0,0,0,0,0
Pediococcus,0,0,0,0,0,0,0,0,0,0,0,0,0,0
Peptacetobacter,0,0,0,0,0,0,0,0,0,0,0,0,0,0
Peptidiphaga,0,0,0,0,0,0,0,0,0,0,0,0,0,0
Peptococcus,0,0,0,0,0,0,0,0,0,0,0,0,0,0
Peptoniphilus,0,0,0,0,0,0,67,0,0,0,0,0,0,0
Peptostreptococcus,0,0,0,0,0,0,0,0,0,0,0,0,0,0
Phascolarctobacterium,0,0,38542,0,0,49070,0,0,0,193939,0,126765,126981,0
Phocaeicola,8393173,439078,35118,5674943,1508543,1738639,1045199,1935580,2394322,346191,1285363,2060628,2082735,314840
Phocea,0,0,176,0,0,0,0,0,1522,0,0,516,0,0
Phoenicibacter,0,0,0,0,0,0,0,0,0,0,0,0,0,0
Phytobacter,0,0,0,0,0,0,0,0,0,0,0,0,0,0
Porphyromonas,0,0,0,0,0,10194,0,0,0,13520,0,0,0,0
Prevotella,0,283,6184,0,0,5893,24066,0,0,0,0,0,67139,0
Prevotellamassilia,0,0,0,0,0,0,0,0,0,0,0,0,0,0
Propionibacterium,0,0,18,0,0,0,0,0,0,0,0,0,0,0
Proteus,0,0,0,0,0,0,0,0,0,0,0,0,0,0
Providencia,0,0,0,0,0,0,0,0,0,0,0,0,0,0
Pseudoflavonifractor,0,0,0,315,611,0,0,0,0,0,0,0,0,0
Pseudomonas,0,0,5797,0,0,0,0,0,0,0,0,0,0,0
Pseudoramibacter,0,0,0,0,0,0,0,0,0,0,0,0,0,0
Pseudoruminococcus,0,0,31077,299066,0,0,0,0,0,0,0,0,0,0
Pygmaiobacter,0,0,0,0,0,0,0,0,0,0,0,0,0,0
Pyramidobacter,0,0,0,0,0,0,0,0,0,0,0,0,0,0
Raoultella,0,0,0,0,0,0,0,0,0,0,0,0,0,0
Raoultibacter,0,2692,0,0,2439,0,0,0,0,184568,0,0,605,0
Rikenella,0,0,0,0,0,0,0,0,0,0,0,0,0,0
Robinsoniella,0,0,0,0,0,0,0,0,0,0,0,0,0,0
Romboutsia,0,0,5569,2671,0,0,1447,0,0,0,0,0,1995,195226
Roseburia,432299,808767,762856,0,81585,0,176465,143310,132106,0,0,292188,23344,1134976
Rothia,0,0,0,0,0,0,2548,835,0,5085,20,0,0,0
Ruminococcus,0,624885,1263714,157964,91417,5863,390886,0,0,4980,117247,685608,251750,1787927
Ruthenibacterium,335,46951,82859,25295,351071,331896,651417,68982,16855,3770726,1554462,49595,73783,759940
Saccharomyces,0,0,0,0,0,0,0,0,0,0,0,0,0,0
Sanguibacteroides,0,0,0,0,0,0,0,0,0,0,0,0,0,0
Scardovia,0,0,13,0,0,0,0,0,0,0,1877,0,0,0
Schaalia,0,0,0,0,0,0,216,0,0,0,72969,0,0,0
Selenomonas,0,0,0,0,0,0,0,0,0,0,0,0,0,0
Sellimonas,0,18414,39877,885,28136,0,5389,10707,28850,21051,85088,0,12778,15506
Senegalimassilia,0,0,0,0,3953,0,0,0,0,0,0,0,42433,0
Sharpea,0,0,0,0,0,0,0,0,0,0,0,0,0,0
Shuttleworthia,0,0,0,0,0,0,0,0,0,0,0,0,0,0
Slackia,0,56327,9742,0,111434,0,0,0,0,0,0,0,23196,0
Solobacterium,0,0,0,0,0,0,0,0,0,0,58,0,181,0
Staphylococcus,0,0,0,0,0,0,0,0,0,0,0,0,0,0
Stomatobaculum,0,0,0,0,0,0,0,0,0,0,0,0,0,0
Streptococcus,928726,1754,310189,22600,13612,0,438855,75623,1402,1402,74092,4867,6952,181049
Subdoligranulum,0,0,0,0,0,0,0,0,0,0,0,0,0,0
Succinatimonas,0,0,0,0,0,0,0,0,0,0,0,0,0,0
Sutterella,0,0,0,0,99007,0,0,0,0,0,0,0,29490,0
Synergistes,0,0,0,0,0,0,0,0,0,0,0,0,0,0
Terrisporobacter,0,0,0,0,0,0,0,0,0,0,0,0,0,0
Traorella,0,0,0,0,0,0,0,0,0,0,0,0,0,0
Tropheryma,0,0,0,0,0,0,0,0,0,0,0,0,0,0
Trueperella,0,0,0,0,0,0,3224,1799,0,0,1134,0,0,1004
Turicibacter,0,0,7735,12375,0,0,1024,0,0,0,0,0,313,248768
Turicimonas,0,0,0,0,0,0,0,0,0,0,0,0,0,0
Tyzzerella,0,0,11999,0,0,99969,0,0,0,2060,0,0,0,0
Urmitella,0,0,0,0,0,0,0,0,0,0,0,0,0,0
Vagococcus,0,0,0,0,0,0,0,0,0,0,0,0,0,0
Varibaculum,0,0,0,0,0,0,525,0,0,25812,0,0,0,0
Veillonella,356975,216,2268,7706,0,0,0,9714,0,0,0,0,0,0
Victivallis,0,0,0,0,0,0,0,0,0,0,0,0,0,0
Weissella,0,0,0,0,0,0,0,0,0,0,0,0,0,0
