Akkermansia,Alistipes,Bacteroides,Blautia,Clostridium,Collinsella,Coprococcus,Dialister,Dorea,Eubacterium,Faecalibacterium,Lachnobacterium,Lachnospira,Odoribacter,Oscillospira,Parabacteroides,Phascolarctobacterium,Prevotella,Roseburia,Ruminococcus,Subdoligranulum,Sutterella,Best response
295642,626099,4455627,373118,208988,0,35938,0,92532,17426,1443694,0,956742,221363,0,230925,294573,0,22029,0,0,33552,1
0,0,8976537,88718,0,0,0,180617,0,0,0,0,0,0,0,0,0,0,0,0,0,0,1
81398,123640,3324872,71221,4211645,3914,185457,300526,11969,37804,595513,0,122057,0,0,1813590,0,0,1186697,533229,0,0,1
0,291435,3200888,368492,873714,62016,569358,177836,31046,36662,1014075,0,1163078,93308,0,919985,0,0,1099076,568286,0,0,0
0,1203048,7823788,140365,74542,13568,11675,8419,38621,5696,1732461,0,21137,96169,0,921818,151955,0,42181,254501,0,219037,0
0,0,5004247,133080,234220,0,11892,453002,12879,0,1066991,0,1335405,0,0,0,0,0,2641858,303445,0,0,1
0,678339,7600398,82871,73609,15802,4666,212042,16106,107950,312793,0,20753,231120,0,1837935,0,0,774967,0,0,234141,1
2055479,633647,4300557,150699,312863,15108,138219,126,30042,28685,892638,0,275163,164037,0,856396,410485,0,745470,1002911,0,0,1
69999,896910,5487499,163928,1066628,311,15579,3468,79444,0,632114,0,244294,254990,0,1020574,0,1650,695352,0,0,0,0
0,1671847,4112318,239249,444618,0,38763,230376,96914,63129,966761,0,548799,452701,0,0,0,0,354243,220623,0,352325,0
427535,2313671,3493679,74481,793360,4609,36205,472,26616,23584,114717,0,258880,113519,0,938359,481,352315,1365414,104126,0,59475,1
48800,864971,8264373,205432,201233,126,0,17276,0,2985,0,0,0,0,0,1053150,0,0,397970,170497,0,0,0
2763,1702903,2548090,91573,1389600,11760,16462,0,41394,13077,246258,0,496671,221689,0,449942,219886,0,229668,41275,0,0,0
0,666190,4240754,139049,575442,0,0,0,0,6395,196141,0,413352,184811,0,810794,124877,829196,1328058,74827,0,269711,1
0,221676,8806883,781,28678,0,0,0,0,0,0,0,144407,0,0,5000028,257713,0,0,4468,0,0,0
0,521015,5592052,570668,154093,0,55967,25372,102660,33333,511294,0,1184030,0,0,1068302,128830,0,1916215,946060,0,0,0
630994,9960654,0,0,668964,0,0,48967,0,0,881816,0,0,0,0,0,0,0,0,477774,0,0,0
1098267,1436306,1421186,108105,208828,13619,27787,0,17780,29123,453575,0,376374,194960,0,479656,36175,2860619,152811,471536,0,55920,1
0,707696,6106896,147767,66017,51713,406749,366301,30755,19063,73189,0,43558,68118,0,368641,0,1356840,281533,429544,0,54440,1
0,692030,2492322,306020,137004,11867,0,0,0,1689,1083732,0,856392,74505,0,695563,0,3164193,411541,365065,0,169335,1
9087,287578,913121,165793,731617,180,104136,0,139762,106960,1156861,0,441297,73393,0,127409,143498,0,909312,540898,0,65753,1
46455,1734036,2197500,142315,832890,0,79725,0,187502,3269,849671,0,46812,258122,0,1181847,117456,2129860,649376,3591,0,60327,0
0,560494,1043656,264926,885846,65850,352140,0,194893,146186,719369,0,1374127,127144,0,156179,0,0,226909,862683,0,99574,1
325592,936010,747946,310076,1316049,2950,0,0,142035,9272,1842011,0,321541,80521,0,305595,0,0,1619981,640398,0,0,1
188080,508376,8459871,341320,104615,6783,0,0,3026,29402,237442,0,0,20113,0,886636,78345,1238,4899,452523,0,15541,1
513307,263280,4039370,640126,324854,2177,0,252775,23650,75283,203127,0,680415,71330,0,630203,0,0,102523,212886,0,0,1
1448019,1621443,1846878,143849,506622,51690,14028,0,58178,40329,85400,0,13781,60063,0,195955,14472,36390,14654,39989,0,0,1
0,366276,9142131,873915,39950,0,0,0,375245,11703,0,0,0,0,0,1076181,111391,0,0,267,0,98023,0
471988,3202958,2013772,145929,486848,2169,26162,793,5349,0,741461,0,380693,123437,0,177410,0,0,974909,427640,0,66439,0
0,1909528,6247305,175022,172072,55818,0,0,1787,0,0,0,43556,0,0,1489106,75579,0,57899,64098,173,0,1
187199,1231231,1516853,69688,522332,2724,21135,0,17851,14031,294896,0,206593,86553,0,510227,376806,7105670,308925,173749,0,204857,0
0,382315,3913078,63416,98498,8304,10749,0,21360,45005,1095605,0,547469,0,0,470265,0,0,1448649,335256,0,188080,0
1021299,1393245,5350886,216931,315841,0,0,258725,22465,3648,238501,0,0,0,0,300459,2707,0,279250,596096,0,0,1
582,407546,707308,24472,373940,795,60449,0,23218,1270,454598,0,2072398,45074,0,96747,187304,10949147,387695,80940,0,122743,1
2024551,843375,2360396,384261,117832,916650,0,441494,0,346800,0,0,0,0,0,3006273,0,383016,4586,0,0,382631,0
0,789620,11470361,130257,3273895,0,17824,122239,0,2534,466789,0,0,0,0,242113,0,0,1667232,256322,0,0,1
4465,1188847,5304092,618978,298653,0,106221,163194,101368,0,0,0,1253,135676,0,746620,195001,0,647260,483047,175,498466,1
7666,1360161,3926526,274232,476128,0,232614,279327,59336,8529,457045,0,167798,74340,0,807695,0,0,276752,130987,0,164922,0
0,0,114773,0,0,0,0,0,0,0,0,0,0,0,0,21796699,0,0,0,0,0,0,1
0,1622787,2348521,44419,583660,0,0,0,0,0,0,0,195197,0,0,1459527,0,0,75171,1543571,143495,106981,0
42052,215746,1803672,326274,258060,0,226353,3777,61387,32473,1949666,0,0,48151,0,78697,0,0,724517,317972,343,0,0
16974,2238477,7294984,82929,112967,0,0,294017,0,178602,204144,0,162638,333661,0,706858,0,204413,744878,114601,0,0,1
248428,601386,3652026,60651,251102,21967,166981,0,14216,46460,1017797,0,759649,159449,0,514918,0,339302,223701,889482,0,85749,1
0,1237944,4289517,80035,60606,48184,365,0,12568,0,51072,0,118315,0,0,385775,208116,0,413257,505321,176,0,0
0,2374209,2050177,208676,99789,0,1064,86824,0,18970,130870,0,21034,0,0,0,0,0,55310,582118,1757,0,0
0,190327,3146473,639294,72212,12343,10430,221110,142983,271,792188,0,56550,39211,0,558334,24800,142942,3484374,552962,0,63325,0
0,0,6434509,54532,110920,0,0,0,0,5636,0,0,0,0,0,4722450,0,0,0,0,0,435877,0
0,750121,5218271,287552,52480,7448,35950,31696,63349,59106,184260,0,27710,0,0,930842,0,0,191589,820742,0,140430,1
88306,1381121,2112473,295587,409697,0,514415,196465,95920,17773,1084962,0,565998,0,0,407474,0,0,518890,471326,0,0,1
0,419012,1340428,93086,1134976,52530,170767,0,146064,12154,730646,0,428175,198879,0,713417,178566,244471,87044,143364,0,44268,0
2639,739488,3176326,57355,654789,17056,16967,309,12955,6288,575763,0,53196,160936,0,232775,189161,3689790,332960,535420,0,0,0
0,430247,8765551,56102,15467,0,8513,0,12868,0,11251,0,0,175592,0,758381,72305,0,259782,416206,0,0,1
0,387149,888500,144189,274610,21150,21179,0,124248,9366,587729,0,17283,97472,0,586097,189529,9794590,246277,22894,0,152764,0
0,335740,8777232,32528,51797,0,0,0,0,0,26855,0,0,52914,0,945828,101683,0,0,0,0,35645,0
225081,0,5890389,170522,151185,0,25710,0,0,8205,0,0,297215,0,0,1472879,0,0,888269,0,0,0,1
0,2542,6118963,105435,16103,0,0,0,0,0,0,0,42953,0,0,875559,0,0,974,0,0,0,0
0,204428,8316827,41892,321844,1001,989,1577,18600,777,1143900,0,19472,89630,0,4355098,60106,1400589,175658,160294,0,79900,0
66842,903725,922467,188814,390607,29374,50955,0,72179,1571,434933,0,101767,181416,0,379294,189687,2416667,476448,23578,263,353313,1
0,609496,4127748,184822,45460,3338,25179,0,26698,35384,57121,0,171441,77546,0,1480234,338570,0,152021,690838,234996,182462,1
9538,989807,1298246,16214,199254,3618,144745,1150,24467,23651,531947,0,54052,199218,0,222445,191616,935733,570883,168304,0,0,1
0,423425,3059077,320788,250666,2662,23518,0,42181,34931,509581,0,808281,0,0,646353,136742,419640,652264,116086,986,0,0
844986,1245669,1480380,414741,199142,95667,0,0,4940,3063,233337,0,166564,81721,0,724708,48338,1829334,84699,445079,0,0,1
2341980,1333070,5805916,13181,207043,22730,16072,5021,10563,48484,212802,0,7739,182161,0,1104851,0,0,680304,163910,0,0,0
0,0,5980891,123726,425574,0,0,20766,3269,0,816048,0,175666,0,0,509058,0,62224,1224861,201573,0,0,0
0,685658,7374663,437599,934248,0,0,0,53212,1591,929114,0,0,173604,0,1603176,0,0,936367,41830,0,0,0
1588,3101082,2298816,216739,0,37589,0,97920,3847,0,633704,0,0,0,0,0,0,0,432299,0,0,0,1
0,988802,740426,3784510,77201,202377,0,4537,15461,93809,636490,0,28606,0,0,179994,0,283,808767,624885,0,0,0
2986941,211448,9299643,903277,232325,32053,53168,0,48404,52466,828244,0,53940,7644754,0,55526,38542,6184,762856,1263714,0,0,1
0,275272,4327130,1859433,219253,47979,0,0,1037330,0,1496163,0,268066,64124,0,1074389,0,0,0,157964,0,0,1
533803,1834664,8361694,295113,157245,576680,109995,0,111244,0,288082,0,3814,191867,0,584317,0,0,81585,91417,0,99007,0
1129,22292860,6895813,185128,11851,481,0,0,55536,0,49031,0,0,0,0,1163682,49070,5893,0,5863,0,0,1
0,5607704,3703123,6672308,14085,2046384,0,137857,943721,451068,1599266,0,0,64050,0,179734,0,24066,176465,390886,0,0,1
0,393600,6960809,4548989,106483,687266,40992,0,278870,73113,0,0,0,52994,0,2479383,0,0,143310,0,0,0,1
342021,1407114,6524555,2407152,451296,96217,0,114,161281,0,64733,0,0,223397,0,546378,0,0,132106,0,0,0,0
0,1465593,2369776,8126100,13784,721,0,0,0,1217925,0,0,0,50206,0,2703426,193939,0,0,4980,0,0,1
3215771,1237270,1290731,557242,8473,671979,220124,51638,48493,0,4449,0,0,3256,0,1052549,0,0,0,117247,0,0,0
88649,1337128,2699090,1958473,722804,169268,321507,0,357119,127632,2130840,0,67997,99372,0,426371,126765,0,292188,685608,0,0,1
1385512,1486665,2409863,648013,71388,374257,62560,0,289385,293454,342110,0,36843,91118,0,1114254,126981,67139,23344,251750,0,29490,1
3763285,1291092,711055,5294432,185896,2145712,206373,115776,322359,54186,1395255,0,18537,10790,0,390456,0,0,1134976,1787927,0,0,1
0,0,0,303121,209489,0,0,439197,0,0,634393,0,0,0,0,0,0,0,142226,109878,0,0,1
0,0,4642479,163830,409,0,0,320789,0,0,0,0,0,0,0,0,0,0,0,0,0,0,1
22224,116768,1035447,181621,139947,0,129398,1856,34685,17837,1052289,0,0,26550,0,45087,0,0,397159,179784,0,0,0
9115,1259526,4419609,49958,62618,0,0,170299,0,102661,123589,0,96557,198466,0,432606,0,123837,432283,67729,0,0,1
125734,289813,1913499,27119,124020,10235,86259,0,5950,21680,500968,0,405763,82679,0,275573,0,171977,108168,445364,0,40959,1
0,591010,2315092,40424,31209,22751,0,0,5592,0,23301,0,63412,0,0,206635,106670,0,208825,265361,539,0,0
0,1141457,1086076,101024,49886,0,395,44458,0,9225,59082,0,10924,0,0,0,0,0,26245,295480,554,0,0
0,90424,1718611,337496,34113,5299,5700,111823,75318,0,407927,0,31143,20693,0,311910,13328,74325,1780831,286619,0,30640,0
0,0,3576114,30719,58281,0,0,0,0,748,0,0,0,0,0,2606632,0,0,0,0,0,220330,0
0,380070,2801552,149140,25409,4182,18384,16196,33658,29700,95027,0,15289,0,0,511078,0,0,99718,436797,0,71110,0
46254,680155,1168031,155079,216353,0,278214,105560,50692,8908,547352,0,313258,0,0,223217,0,0,282888,247797,0,0,1
0,215398,769170,48712,621660,25865,94615,0,78255,6072,378501,0,237072,111527,0,398859,94394,132587,44679,77261,0,21877,0
1277,376392,1762099,28138,353020,8233,9101,0,6375,2959,302662,0,30272,89361,0,134568,104255,2049430,176852,285337,0,0,0
0,221360,4879358,30931,7615,0,4076,0,5951,0,5559,0,0,96215,0,419206,39203,0,131144,227445,0,0,0
0,200880,496973,75388,142230,10879,10696,0,66285,4774,303265,0,8794,54422,0,330324,101270,5549523,132791,13489,0,73432,0
0,166515,4724265,15651,24230,0,0,0,0,0,12761,0,0,27328,0,508402,53075,0,0,0,0,17181,0
116437,0,3312581,91888,77648,0,13131,0,0,3890,0,0,162519,0,0,819703,0,0,460380,0,0,0,1
0,975,3286791,54477,6454,0,0,0,0,0,0,0,22618,0,0,463808,0,0,28,0,0,0,0
0,115739,5291235,23235,192109,379,525,791,11108,0,658015,0,12194,56183,0,2743014,34479,866955,106429,98856,0,46171,0
38672,510854,564814,110366,229770,15417,30412,0,42409,605,242040,0,61808,111379,0,236994,112167,1477160,280035,13847,0,201057,1
4852,530673,788795,7786,111185,1744,86192,619,13918,13935,297787,0,32520,123272,0,133741,109891,584463,333746,100006,0,0,0
0,680827,2652967,22245,942290,1858,30293,0,6242,13240,244703,0,118042,79982,0,524967,182385,0,176621,33680,0,23641,0
0,123016,806015,72000,214058,17176,308488,0,74581,106863,233437,0,542025,42247,0,346915,92879,359860,118670,512466,0,22195,0
17137,30650,2433989,123863,29257,21790,16916,192451,35974,70189,1246018,0,20599,13590,0,834077,0,0,583190,38499,0,100447,1
9475,1566142,3859393,6118,1593,12038,45333,29331,11728,871,7717,0,24969,73424,0,570689,38730,0,10882,492994,0,5482,1
657014,173599,879257,49911,16334,3837,85096,0,3728,34395,54219,0,12220,28121,0,842768,38380,161607,45912,51987,0,30534,0
175174,0,0,490411,398822,0,17531,0,54268,0,1087144,0,1031635,0,0,0,0,0,2954899,269835,0,0,1
0,527875,939306,132145,451376,23027,45873,0,92495,18036,308597,0,4140,138073,0,184516,38891,194523,117008,127313,0,58891,1
0,234162,1882085,189504,146742,1303,14206,0,25162,21071,285769,0,501272,0,0,404056,81294,246445,395574,70799,170,0,0
0,334287,2516266,108553,25161,1234,14738,0,16060,21916,31272,0,102970,45689,0,896558,197486,0,85917,411468,134183,100607,1
493641,705109,909450,254538,112488,48933,0,0,2487,1818,133541,0,103684,49215,0,458882,28786,1141050,48638,272915,0,0,1
0,363239,4329884,256344,524346,0,0,0,30525,422,489483,0,0,100650,0,942861,0,0,520765,24900,0,0,0
0,0,3680198,68690,249888,0,0,12059,1742,0,456749,0,106933,0,0,306279,0,36526,701416,120530,0,0,1
1283430,732214,3439117,5864,114099,11779,8387,2565,5005,27271,115683,0,4819,104961,0,653367,0,0,377295,95800,0,0,0
1522947,416621,2942527,125021,57091,0,25349,154078,3415,29012,2948,0,142707,40842,0,279714,1461,1377,20826,352209,0,2820,0
263304,84543,735755,48281,177898,2283,22309,120725,12270,2084,432401,0,13661,49075,0,338144,0,1819268,243600,105681,0,5412,0
28399,722780,2455207,29329,511982,1858,198846,106607,18170,6915,360174,0,185789,169612,0,283109,3272,1356657,189745,110980,0,0,0
0,785257,715877,22746,250963,3982,3637,0,16243,5509,178570,0,97465,156284,0,428642,114192,466049,80895,15434,0,30751,0
0,672158,3513934,483153,50031,2590,0,287,41460,12497,0,0,0,129578,0,1647143,0,0,282599,91687,0,0,0
7161274,465874,1111052,390414,0,844,0,0,17559,0,42411,0,0,62798,0,151317,0,0,0,77624,0,3018,0
75113,1210348,3295914,41865,858612,17571,35623,159212,14892,18422,358361,0,171114,186398,0,1235814,98433,1544,312541,58475,0,148528,0
0,34757,2553981,170026,90697,0,0,0,26450,0,901504,0,238422,33173,0,129780,137789,0,782464,306430,0,0,1
32203,282167,681388,147076,69570,38003,310204,570824,177166,82081,281260,0,78621,54954,0,118587,0,132734,436513,517640,0,0,0
0,362530,4034360,143586,399280,0,0,18523,0,1104,98116,0,14647,106734,0,1050134,0,0,162675,964,0,185525,0
877,493944,5683319,132102,81128,10844,6693,79072,8897,14396,419566,0,360237,67930,0,1209136,0,0,167126,66450,0,0,1
2431029,842553,2101827,11553,24450,2671,1612,0,2571,26904,12416,0,17787,101373,0,1320469,44824,18339,11730,76079,0,0,0
19856,198731,3231994,24243,4683,165,0,0,0,852,163192,0,0,6124,0,5702050,0,0,0,255444,0,0,0
0,306868,1896093,53616,226609,1354,170349,120316,41969,10823,559881,0,118582,56513,0,506074,25883,0,775064,60100,0,46200,0
321652,219116,1348917,62972,273077,4750,77773,16,5492,8711,159967,0,67762,40721,0,556155,125354,0,135912,62069,0,71695,0
0,441127,6141985,67936,101096,10250,4890,177942,5202,6453,243632,0,13447,0,0,750554,0,0,318433,0,0,301924,1
7680,995818,4113526,70234,487236,0,18417,0,4742,22262,0,0,0,154232,0,622580,222487,0,157062,0,0,326468,1
163861,694290,3129897,261501,0,0,4076,0,1878,15048,0,0,0,0,0,0,0,0,340661,51214,0,132458,0
0,268771,3272498,31396,30049,6107,1570,83441,5330,41893,126063,0,8022,93093,0,787807,0,0,310550,0,0,93527,1
0,326085,313702,165522,156947,92,66291,823146,17908,74273,258552,0,66602,39163,0,44539,0,464108,129890,2196,0,0,1
4305538,841348,2437273,2249,14579,0,0,0,0,6926,34277,0,52123,0,0,2112474,0,0,0,59909,0,0,0
135237,176390,1717535,60711,340762,0,115725,0,20875,20640,273104,0,427440,112823,0,870170,0,2255565,133387,78454,0,0,0
0,183989,3587877,78138,677028,0,25000,0,27612,69606,510811,0,1466259,134128,0,0,66171,0,672407,68614,82,0,1
605937,383440,920697,54381,517563,5766,31377,0,7391,1992,283176,0,72375,156832,0,350452,131651,603934,231117,70980,0,15665,0
277685,422918,3454236,54407,915189,0,10718,0,5464,988,428151,0,211822,55261,0,235436,0,0,753656,179130,0,65629,0
0,579617,1142642,35931,153736,26349,14680,0,29526,32602,129954,0,94866,17156,0,115104,123169,0,411377,152447,0,50755,1
195320,1120827,3083859,21049,138579,0,38025,36177,5920,33184,426216,0,126763,141462,0,502895,89512,61608,139458,64581,0,0,1
0,1464896,406240,134170,349978,2094,535308,0,3082,0,306273,0,692606,116697,0,427568,71716,8544,219340,481998,0,3103,1
0,18126,113339,22543,202592,4850,207275,202470,12142,14748,387985,0,449989,14767,0,79648,71528,6207012,442696,41388,0,25956,1
0,213468,4724374,325187,8793,0,0,0,0,11183,0,0,0,0,0,1572163,0,0,0,2545,0,0,0
16276,286056,5486313,118285,129314,17755,3592,0,836,20062,170642,0,434190,175756,0,536592,48882,11270,1517490,136430,0,65010,1
0,297464,5322093,328064,103848,0,1445,0,111501,7155,183316,0,28597,108545,0,706330,371933,466372,305269,347545,0,117477,0
0,699892,2030918,125924,281757,96609,8589,0,93932,40185,816195,0,434915,40500,0,265147,90126,0,414162,488553,0,128522,1
0,5767,895651,36201,103244,283253,145486,351732,21103,3151,629193,0,23528,0,0,61030,0,6886851,236806,7474,0,225376,0
0,551886,3778170,499215,92116,195356,144142,135931,55078,43912,491520,0,38196,37664,0,509890,0,0,135881,257501,0,41075,0
471547,155690,5130223,189299,39998,0,0,0,0,0,0,0,14409,30244,0,389322,85928,2340360,0,949,0,0,0
0,2545800,2329342,47333,37083,102482,284657,21968,11968,10078,16204,0,14043,92217,0,752013,969,195,12752,462501,0,0,0
469,553617,1347810,74186,173011,18125,371880,126823,124830,14378,728096,0,378276,181538,0,395137,0,618637,615897,390704,0,0,1
190043,732299,3932927,257981,79860,0,0,272291,0,51346,314888,0,376833,16430,0,451983,0,128863,258937,513446,0,0,1
0,337647,403526,70572,175515,196736,35795,257953,29091,14930,484069,0,255830,0,0,691171,0,0,124780,502720,0,0,1
167645,2157998,1813822,52177,51057,0,0,0,7825,1462,634788,0,0,35168,0,1735422,70448,0,25604,75748,0,50136,0
0,0,7398316,272396,47599,0,4112,0,68679,0,0,0,480100,18337,0,2015214,0,4494,1787907,19871,0,0,0
5506,57174,603822,85337,276376,39008,187393,0,71963,23386,859746,0,98168,228059,0,102248,204188,1922045,331611,125224,0,67193,0
134341,181706,299704,31506,201293,7177,209652,0,49785,8093,144335,0,87137,43054,0,32535,0,213689,900272,42515,0,0,0
1635,74754,1393641,10747,14440,15583,180,0,0,3599,0,0,64761,8337,0,700622,8736,609,7073,235968,4250,1366,0
0,297371,1860359,84775,484527,4195,64024,0,11739,15517,890851,0,176511,60397,0,427555,109294,0,1105919,257439,0,0,0
135628,725305,3637285,162593,434968,0,7439,0,22326,12417,249342,0,1117471,120522,0,0,323739,0,288581,503290,0,0,1
354317,37853,3494303,87640,633836,0,23609,0,3989,23890,130999,0,219802,47961,0,135714,107002,0,632078,19297,0,108769,0
28913,2114316,1100807,116363,302073,0,27923,0,8888,4694,412619,0,382363,92404,0,981509,0,0,131102,373156,0,37111,1
0,515043,1449307,28056,107725,7444,35457,0,38039,21016,560622,0,316045,82833,0,262559,60789,1302510,38321,1043903,0,135590,0
944101,243158,811364,463175,46460,17484,219419,0,75565,34063,217055,0,0,85974,0,1128962,313,4131,727912,176468,0,71097,0
523396,1553721,1680207,27314,416535,12884,24647,111639,19279,5612,200511,0,651254,62507,0,186594,0,2418,1113912,1103713,0,105770,1
0,360677,2858638,13892,323,0,0,0,1281,0,261176,0,0,36614,0,962137,183408,2919052,166310,35715,0,53924,0
3675,1727688,4934632,274108,391001,57057,59182,0,149208,1451,209044,0,188041,162485,0,245875,242582,0,575039,11961,0,0,0
7282,643809,2372819,53906,142959,0,776,0,26784,46286,1127715,0,97754,47343,0,366571,0,0,761335,147086,0,0,0
39510,499679,4030133,43110,438099,9906,15627,83499,26367,10914,31006,0,0,140691,0,550459,0,382,33420,143056,0,181432,1
0,642600,1500537,134049,80224,0,16757,0,74867,10951,366502,0,74975,183308,0,637915,0,2334222,137353,263978,3994,0,0
0,567756,4185100,544839,60943,21556,201946,273623,67470,0,165755,0,0,114570,0,371810,0,442253,141290,2007205,0,60331,1
2201490,2341570,3476600,96165,161594,0,4125,0,10536,2208,192209,0,1683,38086,0,673863,286821,3527,127771,295350,0,177328,0
85467,1388696,5081228,61307,59675,0,0,5549,90755,16232,835268,0,863986,101006,0,284223,102413,0,214949,176698,0,117039,1
598971,502470,1539099,114166,186311,0,194101,42565,63652,22358,215720,0,386897,44692,0,112652,89822,0,31329,105005,0,0,1
2125281,2125417,2494975,85184,0,0,0,15209,0,0,18596,0,0,0,0,708989,0,0,0,0,0,0,0
0,193712,909374,71524,38366,418856,278506,0,42584,13878,13555,0,96914,56098,0,127402,43911,529,55305,512960,0,16424,0
0,808629,4553234,72250,18371,53552,0,148653,13088,4241,173629,0,16553,44853,0,804108,0,0,27356,707318,0,0,1
0,426140,1434804,133432,430270,0,78985,0,149710,18280,450213,0,289495,66925,0,141675,0,420433,400448,37349,0,50704,0
196896,247327,2060174,38773,147027,7048,331011,0,55902,13886,640403,0,140886,75542,0,211183,0,0,855815,193072,0,0,0
58391,340370,715385,109256,31124,31125,71581,0,35751,120629,350881,0,38321,57429,0,186312,16217,2003546,719668,24761,0,0,1
678091,331473,2671424,261054,187626,5901,8017,179072,69201,1599,25150,0,279260,76185,0,316511,0,0,76527,1459872,0,0,1
401,17662,2145272,41527,1426,313806,0,0,0,0,6596,0,0,19453,0,806280,96311,0,13953,0,0,65105,0
408,336687,1820707,103574,224108,33465,136644,0,65853,57585,684299,0,78580,109988,0,207300,0,48,127804,64921,0,42177,1
11612,336546,1342378,70039,268567,23288,2354,0,13467,0,923509,0,0,47346,0,1158849,101647,0,104866,145865,0,0,1
5911,451090,2130681,60933,202602,9968,118731,166826,172056,11022,650528,0,72383,240923,0,360240,0,2885887,558058,10670,0,80753,0
0,147478,6064399,188790,0,90989,0,205628,0,4158,0,0,0,0,0,2083671,0,0,1030261,102986,0,0,1
448714,651754,1001091,133355,1002673,78913,0,76552,44805,54154,225646,0,56844,45955,0,277683,0,3114,12694,857879,0,37039,0
0,356789,2638817,50430,10641,74244,62895,21997,62406,70179,193976,0,22006,70925,0,240670,9066,0,14182,6253,0,36651,0
402826,167805,8915424,18375,409020,0,0,0,0,0,0,0,0,62084,0,1248914,0,0,267,0,0,77627,0
0,80692,5344893,287,24043,0,3236,0,36949,8237,745235,0,0,204451,0,1010110,0,0,0,163666,0,0,1
0,505469,1569374,185585,60512,42511,104038,0,185438,12118,702750,0,68561,77623,0,384097,109229,1223589,25378,162907,0,92784,0
0,383496,3646040,196163,220557,0,0,89682,292297,10322,15690,0,0,0,0,611931,0,0,253374,66739,0,0,1
0,44826,1799754,110530,16741,79173,83525,133923,75603,83493,50216,0,201121,23549,0,1023498,54964,372592,60823,623678,0,22345,0
1231225,1206089,849702,32852,18342,0,0,0,0,20,16023,0,12157,0,0,2692600,0,107,32692,18410,0,0,0
225137,887192,3529845,29612,127421,7227,25007,0,29972,24989,447488,0,39002,92839,0,268287,0,0,365999,220400,0,0,1
1064680,773392,2142333,485848,375562,10571,49762,0,43989,24544,234613,0,322916,83821,0,255833,175912,0,375296,192646,0,0,1
0,168599,1911,128301,130905,0,51066,188526,70164,555,812901,0,251071,0,0,890467,0,6979996,134376,0,0,0,0
0,168453,2217243,295809,97406,0,257819,103731,658879,57911,127357,0,0,37941,0,306550,0,0,193308,880888,0,0,1
0,307918,3356073,47476,171650,0,5165,0,11423,7692,615448,0,0,73631,0,578405,110264,0,593387,41082,0,0,1
0,865138,4741759,206135,458327,3749,0,0,10011,65,10670,0,0,42889,0,807938,0,86573,295092,72737,0,0,1
28615,600080,887396,368112,263826,18059,875,0,61761,2066,116496,0,61878,128742,0,577419,71851,69,82564,236917,0,48739,0
413891,333747,1668821,173629,175800,4856,40592,0,36686,45219,413092,0,0,118889,0,472117,26323,0,844877,332790,0,54329,1
739308,2225227,4851320,38234,56696,39870,0,159715,14083,809,165991,0,717958,33167,0,355819,0,0,582773,194482,0,90090,0
3404,455816,1457441,43760,476743,11927,144802,66582,34985,29098,719432,0,55150,48781,0,412403,0,0,625978,283287,0,26004,1
0,468062,1624173,100123,159706,25773,320223,0,21938,7415,761133,0,202355,79931,0,252331,121809,3838673,169102,24941,0,63500,1
75649,422974,580140,63090,309563,11038,249366,67596,92805,16591,656355,0,908754,161532,0,245838,0,2562965,524521,162779,0,77108,1
0,160053,1525226,53850,189830,52360,218931,0,95479,24328,991356,0,178823,65874,0,169539,0,2613130,564702,115962,0,40766,1
0,523579,1158621,64981,287671,0,86008,179205,121076,23288,942412,0,620054,77470,0,257705,0,347334,186250,356716,0,133922,1
178875,306238,606956,33523,256069,11698,8033,0,23842,14997,403568,0,478282,57053,0,92699,56125,74612,37165,13045,0,0,1
0,26552,406545,30258,58717,58092,54649,227125,42066,12104,700819,0,263330,15481,0,144062,0,0,704574,215573,0,46778,1
6417,485119,4142502,67089,195729,53568,45595,0,50200,59317,769838,0,238626,413752,0,778376,0,0,421528,48162,0,121028,1
0,1145373,1624368,149154,82367,21838,64065,5261,114032,3999,483833,0,71010,101608,0,423729,0,361959,145836,563710,0,0,0
0,24522,3755700,167498,214487,26956,22206,0,2992,6078,693642,0,1960,1681,0,386598,115411,5002987,15418,17359,0,24740,0
0,0,8835265,196367,0,46,0,0,12678,0,28033,0,0,0,0,4777,169358,0,772398,0,0,190627,0
0,560951,1884220,49666,199095,38434,35126,63707,40994,4927,1076394,0,483812,114205,0,516665,0,760,233121,25106,0,0,0
45321,257197,999852,104181,142579,2265,25968,0,40542,22241,602647,0,58817,16714,0,448419,117494,183,58772,19775,0,117640,1
9681,60461,543471,51097,28601,16870,41154,143330,0,935,528197,0,191525,62496,0,542268,0,7936274,299424,29796,0,138623,1
0,122046,1075242,7689,218056,26125,69574,789,29982,7170,145853,0,308343,31264,0,51098,33742,1452731,136416,71875,0,49664,1
99044,342620,1252084,25800,1455,30680,122154,0,68586,22737,23298,0,87130,78409,0,132865,74411,7022,357,86985,0,0,0
42875,115879,376248,93950,51428,8274,64930,0,3407,1435,60759,0,131156,16272,0,94761,17368,0,209592,182520,0,0,1
0,194050,688456,61218,315591,8429,118778,0,87936,108286,576646,0,292204,34372,0,219596,0,1102636,430327,44751,0,50961,1
0,79480,2420703,55879,105277,12707,26263,0,16785,1864,296155,0,130507,37451,0,170484,39722,0,6334,41721,0,0,1
12791,389984,1494129,190305,56804,12000,144915,76303,65252,6246,368310,0,118959,90013,0,371732,0,0,69617,403101,0,0,1
91799,342965,6148810,65320,71377,0,0,168,60829,5231,661361,0,0,27120,0,889975,0,0,0,0,0,0,0
0,93165,2689708,193170,11901,0,52963,27970,0,0,0,0,523692,0,0,694889,0,0,1547000,86611,5288,0,1
50927,459364,1540850,103142,129669,2261,57113,0,120323,9025,439346,0,150558,84282,0,671434,0,4288004,320306,346749,0,0,1
0,0,65116,879090,0,0,0,133000,0,404,2265,0,1272319,0,0,11415,0,3077,677593,307739,0,0,1
5025,297827,886112,54614,203588,37687,0,0,6540,23724,844500,0,22150,100553,0,488089,69812,2765402,1007999,284777,0,89771,0
3470,31165,542742,49670,138892,36535,65828,267623,74942,40295,1240885,0,303567,45983,0,231304,0,7506703,196039,115463,0,153332,1
100472,332410,1820082,104845,352100,3108,42736,156423,14890,34530,552664,0,0,130058,0,707046,0,2850279,63699,435829,0,0,0
0,1266399,7441774,50178,441386,0,0,0,0,0,1517713,0,35224,0,0,31550,94006,0,330231,548383,0,421325,1
215631,393435,564874,24321,306868,247327,32793,0,23315,141098,203876,0,19120,57171,0,14876,9646,1270000,100265,135156,0,36038,1
0,286754,4617176,72799,89412,0,0,215478,11533,0,427915,0,113343,0,0,2296478,0,104097,182594,238358,0,86443,1
0,560599,1398820,327103,135347,21017,87276,0,87070,33650,354279,0,246559,130272,0,348404,171355,635960,24294,20253,0,62261,0
0,1008093,4862353,107510,54071,36596,68819,0,20727,34893,581155,0,0,158304,0,219711,0,0,184880,476896,0,0,0
0,379898,421614,51384,381119,7185,93091,0,83028,60497,408307,0,465585,57803,0,272598,0,3830277,432496,347949,0,93262,0
103124,2681042,13965511,718044,493740,57472,4537,527272,306221,47122,1336037,0,0,266017,0,1445568,649,197113,298847,3300793,0,170164,1
108362,551311,3363663,184590,544619,1716,0,0,57571,4052,530351,0,97858,66964,0,424012,42612,0,76957,170900,4071,11672,1
1634606,291387,4861566,163319,270048,0,0,0,120808,44914,0,0,0,92348,0,245414,184948,0,100073,289349,0,0,1
1242595,1131118,2265784,196897,10326,12655,0,0,0,0,15157,0,287338,103747,0,124327,0,0,50131,76461,0,0,0
3037,391315,6208024,119235,463432,0,8929,0,55331,7794,136179,0,197749,144730,0,557215,179835,0,55784,18181,0,0,0
79171,414100,2556563,215498,97178,0,12375,0,34006,17244,573083,0,167633,0,0,693095,0,0,317711,412916,0,0,1
0,645813,5488382,56742,229602,11377,12258,0,27411,0,813619,0,183397,156995,0,718816,64610,0,565085,60163,0,0,1
43375,1994898,1453786,45006,109407,0,61600,0,50941,0,685675,0,99008,105140,0,1720798,0,0,161020,196409,0,109940,1
669450,823831,1441889,329265,210551,62785,42589,111836,85399,2915,381471,0,133392,100678,0,907824,6136,645,157280,219807,0,92813,0
323892,145695,1455278,455434,804368,199654,49652,0,148409,49537,98028,0,138175,39576,0,180644,1826,10111,193110,254236,0,84005,0
15270,474060,5236130,14092,648965,0,0,0,0,0,581119,0,0,0,0,444135,88193,0,1273393,78251,0,0,0
804152,939213,3939074,181089,123621,37140,62601,71918,108301,58545,337913,0,0,81123,0,467257,0,0,394829,631196,0,128718,0
0,326860,1208315,101455,154831,64813,157023,0,72267,104013,1038469,0,741552,19199,0,171691,48062,1389,1846027,163181,0,69036,1
4834,85388,1627089,62743,228348,0,7247,0,24779,154042,583450,0,144933,108721,0,298630,149187,1117622,79319,10518,0,296682,0
39214,39669,779318,158809,38947,0,21986,0,1867,3297,43284,0,6277,28367,0,50671,2733,0,8366,140549,0,0,1
0,427240,999571,40719,330947,15286,122735,7547,32067,31312,633417,0,463932,98090,0,400581,24625,0,134469,1409695,0,32458,0
1927452,285283,973664,23267,58236,2134,0,0,205,1253,30646,0,1128,11889,0,215036,7235,51693,9866,43623,0,31274,0
1683050,234280,1010848,913989,332056,163949,0,0,498873,175522,67670,0,15775,114266,0,27116,12758,0,728609,259847,0,0,1
993269,65922,9407514,1242711,17061,0,0,442389,0,3257,0,0,0,0,0,1375151,0,0,0,0,0,0,0
0,1078392,4055052,117411,103585,148349,95160,0,0,32895,168870,0,0,146397,0,991181,116834,523,284845,0,0,295188,1
0,451906,1793689,71585,366308,2315,20384,0,11715,26872,1336089,0,462420,72230,0,602397,32735,0,1502564,298511,0,0,0
0,856550,2535760,97613,113771,0,196131,0,92739,19301,388276,0,374818,73582,0,252294,40616,0,193192,41481,0,72907,0
25071,504970,567623,68145,171402,12774,172458,246164,52121,90665,941519,0,260603,118343,0,265164,0,1831540,188860,599109,0,40686,0
58432,918824,1149797,112924,409204,46081,108064,0,17033,176741,293082,0,542935,128074,0,259679,6965,0,10015,275821,0,151682,0
0,670310,3080920,537152,21377,225861,15328,0,955,1484,0,0,0,27730,0,525340,440977,0,7872,0,236,0,0
0,226999,895293,36105,123674,6396,244184,113295,52690,57445,942925,0,299596,76290,0,61390,65,2677136,613040,82329,0,0,0
321889,323972,181856,124636,50574,196918,75663,0,51370,21453,198546,0,477203,0,0,417371,3362,684615,188986,299418,0,3622,1
845866,263088,5562360,218833,297495,0,0,0,799,5241,0,0,0,64802,0,577778,132140,0,0,0,0,0,0
6990,308457,1420186,209867,35090,83893,51796,0,27401,34901,467204,0,279291,59671,0,417783,0,2666320,488711,111274,0,36282,1
1475835,768384,987570,251072,13966,125719,175517,328,30595,185279,98479,0,124732,12688,0,158893,0,17743,1717,402193,0,37407,1
0,168805,6625570,135703,515,53066,0,0,839,26720,123877,0,28414,0,0,2107902,188524,0,207458,374868,0,0,1
0,1440240,2770572,185999,969795,26423,21535,0,86321,112995,367053,0,0,102036,0,669127,20926,399102,12342,122289,0,11165,0
0,309742,962025,69014,289033,13657,32920,93441,25459,2083,875583,0,240852,66215,0,552909,0,910465,1874762,298150,0,0,0
37685,619907,2431855,150485,208361,63701,51088,0,74164,1487,379895,0,1227,81643,0,367681,21673,0,54998,259765,0,0,0
7239,182815,2151754,125574,161830,24397,198944,0,29398,1431,364870,0,444237,39857,0,273042,77826,88466,1349115,348819,0,0,1
0,244829,1074543,8432,5046,26759,396,0,3002,516,3580,0,121370,18412,0,151367,3576,0,39086,260161,0,0,1
594365,178362,3843755,161332,322760,49058,0,0,51952,2075,609867,0,101180,0,0,476721,141287,0,557713,45929,0,0,1
0,769457,2230617,209873,89295,280900,63385,0,74400,13771,580534,0,84533,122821,0,406425,23760,0,438080,204720,0,89506,0
62519,416943,3194990,162811,179024,23949,13069,0,8941,6396,267578,0,48590,85718,0,377688,9639,405,197372,51908,0,45239,1
790943,280829,1345690,26621,67539,0,0,0,0,18696,0,0,0,15579,0,544717,19092,1868,2237,91078,0,0,0
775547,763456,3224581,108483,372577,0,105637,0,49355,4762,0,0,0,97723,0,893582,424265,1016361,214712,54239,0,177494,1
0,237309,2309948,254135,125764,48046,216619,0,7139,77299,970483,0,419496,44987,0,207291,0,3121,309479,582623,6046,65248,1
11295,2036156,2229369,182987,24912,58983,0,0,9376,4693,100724,0,3693,41423,0,588779,67227,279710,28273,496174,0,111422,1
0,101832,824252,64788,295871,94091,769718,0,96122,88435,933837,0,957484,32205,0,50648,69764,893465,315564,153770,0,74995,1
384,0,642,0,0,0,0,0,0,0,0,0,0,0,0,0,0,0,0,0,0,2068211,1
0,29805,2348205,64652,0,208420,0,0,0,0,0,0,0,85510,0,158567,0,32612,0,0,0,0,0
11914,289072,1051830,21317,415184,8281,72796,31,23683,58529,776649,0,117845,91462,0,216897,0,3591034,433114,173100,0,161735,1
31839,310868,983264,141816,188941,13084,123641,0,173835,198115,359013,0,103139,255914,0,217404,111011,63774,26967,54803,0,8884,1
19628,441528,1946295,51824,416502,15251,16126,0,25803,13676,214491,0,361608,544941,0,709561,113377,0,1241931,251656,0,0,0
12484,500138,5075594,123112,254230,58037,0,158270,78311,35655,361273,0,141160,327298,0,753893,0,448,539903,60246,0,349965,1
51092,912164,1797141,128033,374994,0,237032,204566,31825,23064,390655,0,260217,0,0,0,0,702266,203328,496618,0,0,0
323231,579800,6191823,148583,612157,15813,25406,0,37401,15281,62532,0,130666,98355,0,232204,0,0,43993,153916,0,165621,1
21264,723443,1338688,231620,237520,6293,14565,0,28485,6047,306365,0,491483,0,0,598022,0,0,261,237728,0,197333,1
0,0,5097827,241122,209036,0,0,230718,0,0,0,0,0,0,0,1285932,0,11073,0,0,0,0,0
57240,1476339,3199438,92646,469871,4964,6556,0,17948,16996,418029,0,203164,121122,0,802627,0,0,258394,21781,0,0,1
11691,13604,34227,80774,224468,6336,25375,153623,41951,39848,76481,0,114944,0,0,17186,0,7359901,168893,0,0,0,0
1131564,535105,3448949,78268,1081045,1518,233405,51140,18427,6814,230853,0,125262,340444,0,428194,133080,168,548069,278418,0,0,0
0,258440,2462361,213490,254768,40577,50096,326976,16522,37037,1208934,0,314793,111231,0,535834,0,0,357154,343077,0,114452,1
560400,182135,12414507,136736,515645,0,0,0,1049,0,0,0,171476,104550,0,1035945,0,0,212273,29603,0,157543,1
0,418264,1026396,125844,12642,0,0,51920,5022,33789,32636,0,0,0,0,263376,0,192,475177,995967,0,7781,0
505932,1535274,1550459,75255,344464,24456,0,0,7751,17112,297300,0,91235,251911,0,737414,77456,292358,391293,203559,0,0,1
97223,908964,142,387819,383064,0,131398,140822,9317,29751,0,0,47653,0,0,3339491,0,0,1509568,1144740,0,0,1
0,0,0,1730983,289625,0,0,0,0,0,0,0,0,0,0,52101,0,0,0,224209,0,0,1
0,1394321,4444158,160408,48451,10662,0,0,22238,619,165985,0,709902,86237,0,314073,147218,0,72629,0,0,0,0
397401,270173,4156147,75361,260711,0,227124,0,20670,1030,425175,0,543747,132822,0,236482,0,0,726779,125495,0,0,0
0,385620,7370783,93241,115590,32690,0,0,45096,6162,440397,0,0,0,0,1707917,121452,0,220164,1983,0,0,0
0,897390,6131581,160561,191735,0,0,0,3988,0,831,0,0,0,0,603223,167433,0,116952,39487,0,75484,0
0,163193,1336851,465138,471808,9057,3463,703545,29327,67853,551167,0,13003,95395,0,492901,0,4982708,535297,38241,0,0,1
40347,1391987,1745214,234960,24762,231848,26029,18397,67615,3544,469500,0,50893,82040,0,313709,0,115261,268225,432118,0,0,1
86275,1087227,1968047,50221,511978,4743,126446,0,19379,12384,756121,0,582360,106972,0,589611,52317,0,175032,213961,0,7695,1
21942,482336,2970644,70267,768622,0,15301,0,85367,88883,413327,0,0,112291,0,192346,0,2013216,219804,6711,0,188707,1
0,70477,2926323,211929,257037,0,5858,76068,23208,14973,614933,0,525640,119176,0,376082,0,0,1364292,52908,0,0,1
40883,404177,2335153,27483,299846,0,33628,24323,39043,75607,691219,0,502227,101227,0,973001,123607,0,340052,273993,0,49632,1
9460,605016,2821236,151122,566082,53038,247,232647,37242,8090,943379,0,100594,140681,0,351543,0,0,1215848,83666,0,0,1
0,543806,4620552,210519,347690,739,52528,0,0,8917,0,0,0,48100,0,249661,178164,0,46475,357532,0,133733,0
0,166636,1094510,172229,334828,34035,43438,0,50514,290174,1215207,0,718387,54424,0,229851,127318,941709,669703,336964,0,28615,0
0,322120,1442285,46268,351102,4044,285182,0,49858,25047,506393,0,647412,112158,0,122897,56857,134658,1674482,510447,0,0,0
470442,817264,854141,57110,285920,0,639,454486,191884,9151,564160,0,326927,95578,0,537795,165085,2392595,307025,1683,0,116653,0
0,310843,5436180,135252,52230,0,26060,136342,30993,10355,0,0,189009,38416,0,102174,0,24315,3321355,355100,0,159076,1
6580,266488,754055,303759,238334,0,431748,299653,80349,15873,794681,0,41739,63079,0,291417,0,0,711134,405696,0,0,1
4237,105975,391003,45911,126903,18803,420868,0,72698,63549,139448,0,193,47920,0,264534,0,23163,5395,152372,204,10304,1
0,314329,2373515,137502,11824,0,135471,32877,165758,558495,109641,0,8211,127077,0,1006322,0,210947,12017,636642,0,106034,0
1306,270635,1225191,51170,1033856,9481,163613,184,68123,214147,796863,0,144427,108660,0,76486,106432,1126765,514515,289823,0,110912,1
0,2363,104268,401,1730,1726,1846,1531,0,0,24782,0,6894,4273,0,36844,0,614,1459,2215,0,5597,0
5001,314687,847460,91115,643536,94089,175059,171311,39990,20974,952453,0,135442,80494,0,182355,0,0,258454,522862,0,86058,0
209222,2673863,2007850,321506,268066,0,3864,71876,3244,0,284421,0,112582,256209,0,884428,3737,0,162871,122382,0,0,1
0,164253,225511,70103,185671,55847,128190,367350,59378,153681,1303817,0,319595,40239,0,145155,0,4295077,218343,66380,0,0,0
0,913014,2646894,55035,90156,8313,66191,0,17728,6574,191527,0,80572,127446,0,577963,0,67113,320638,192483,0,0,0
0,49566,686392,147606,81526,0,226420,0,22811,0,295679,0,181314,151449,0,253134,147117,4753361,127498,97546,17159,1913,0
154380,1210078,4845700,327970,358541,31084,0,58671,94135,43239,310111,0,230725,0,0,793004,153934,0,135609,36654,0,0,0
528456,552638,2342146,140438,104523,7028,0,0,35897,0,163874,0,0,74937,0,917702,125738,2764830,0,177860,0,49854,1
0,164952,1015398,71598,571218,5986,20244,0,22696,23477,469846,0,321271,34478,0,273986,125540,74445,1120723,434411,0,0,1
0,1776058,4708546,76334,114822,18934,11097,0,1332,0,139728,0,0,222145,0,1403773,195208,0,74610,91631,1535,100822,0
0,151402,2366425,21688,277054,9750,0,0,0,0,0,0,0,40360,0,385155,43515,0,75197,38253,0,0,0
0,749349,5799440,112757,50161,66985,36644,0,37307,0,0,0,339602,89081,0,166691,0,0,263,96788,0,138793,0
0,482488,7546756,75919,368532,0,13880,0,90727,17051,153419,0,119567,0,0,3181931,0,0,139669,0,0,0,0
0,17637,2362599,412291,122253,0,41390,0,64912,26360,630875,0,604612,0,0,189638,0,0,545666,125195,0,0,0
52802,1032905,2186406,129930,243758,0,85775,0,0,0,493895,0,36793,79340,0,385337,247640,652864,16772,0,0,0,1
0,557,25062,769,10477,0,0,0,4770,0,19239,0,12846,536,0,15682,344,9683,6129,0,0,0,0
0,17601,1380291,88418,508109,72577,0,0,20798,9269,1000079,0,0,6454,0,1015245,0,4296418,552487,204601,0,0,1
290461,438858,877144,102364,168816,78129,158577,320100,60839,55164,469561,0,5338,123641,0,136927,34307,1435777,247034,653,0,4675,1
957,394925,3197554,191245,55969,552965,15776,0,11067,51538,0,0,0,0,0,1055811,0,213,291921,0,0,0,0
14002,459304,1892020,72117,257561,56149,79499,0,141004,64497,678533,0,145578,77038,0,176703,0,0,646386,55219,0,0,1
1257922,1478178,5956950,35116,85248,0,0,0,5461,0,1883,0,0,31161,0,547278,25776,0,0,3318,0,133950,0
35416,340149,613707,802523,476,141017,369352,0,114755,770701,10152,0,0,35017,0,564325,43342,928,721,259318,0,0,0
395986,1596524,708804,240115,157481,20289,49554,0,7794,24359,336691,0,291053,59339,0,227706,137290,0,156595,12722,167928,0,1
667158,460670,2492821,72374,43364,0,2055,0,1336,5438,933039,0,0,6467,0,2310029,2571,0,0,25867,0,6621,0
0,311787,425816,79458,571439,79859,113840,0,41440,3057,681870,0,556312,79614,0,185676,0,4172547,559053,631406,0,79443,1
355434,165290,4838337,209129,218117,0,22158,262738,18885,0,20554,0,0,82773,0,0,0,0,407319,74252,0,0,0
0,0,0,0,314589,0,0,0,0,0,0,0,0,0,0,0,0,0,0,0,0,0,1
6818,45551,262004,105298,120338,306799,140612,0,128641,28464,896182,0,3741,7103,0,64933,207049,6973145,275997,173221,0,0,1
2026,276519,1225375,34411,176220,18755,11964,102455,18224,8435,519884,0,0,54924,0,539494,0,6584836,115774,175748,0,0,0
0,0,5845031,757696,54151,0,0,0,0,548,0,0,0,0,0,0,0,0,0,125,0,0,0
410780,716407,2248328,143676,122641,164730,75937,0,105258,58034,228672,0,85681,34470,0,479178,41281,31519,40708,244312,0,106962,1
0,258026,1113019,585561,241469,45461,106900,84498,46131,29938,575102,0,182138,63813,0,106900,98625,6411716,359801,204775,0,22645,1
0,639468,3830664,206729,87824,935,351925,44250,107686,14083,675723,0,66497,79547,0,611128,0,0,140724,715507,118,133424,1
0,222334,692687,146264,153207,14660,48354,59448,32915,34917,610627,0,78383,53049,0,663827,0,3339138,352917,39336,0,69751,1
0,3327538,2880256,240306,32813,0,214239,0,0,1042,210383,0,365381,0,0,212542,0,0,291925,880685,0,0,1
0,541191,5534819,156765,50691,0,0,0,56551,0,488923,0,0,85465,0,370219,0,0,128126,434862,168,0,1
0,509448,1944801,179378,83460,4913,85765,0,156276,48378,204667,0,597498,87736,0,386070,74708,255,93942,303001,0,0,1
0,672823,6347390,418137,945042,0,0,0,17411,2740,208343,0,138533,120266,0,1239518,57343,0,307647,45145,0,136586,1
696,270160,4464103,49861,342023,98246,1159,3235,124433,637,470968,0,0,92826,0,1020167,0,0,54696,25825,0,254461,0
55299,140148,535417,68742,29382,1937,83040,0,43587,23488,441986,0,302776,27447,0,104884,46280,4006,111463,10547,0,22971,1
551936,639382,1352292,227522,30769,0,21434,0,653587,1201,7548,0,0,54649,0,95901,12607,0,70301,1432545,0,0,1
4117,917374,623162,41634,51965,46174,25742,0,13282,22091,537322,0,541378,174133,0,211104,0,355902,9917,54899,0,87200,0
104482,232818,2937914,99555,244162,0,190102,0,85922,88740,1020289,0,1050390,0,0,176363,67869,0,839485,117770,0,0,1
0,604070,519109,79624,533023,37395,27224,448788,40478,22124,273653,0,202090,162459,0,363768,4037,4708689,423474,33306,0,11759,1
0,550816,8940846,196959,47446,20672,0,0,96550,3176,29273,0,0,0,0,0,69282,0,86085,0,0,89356,1
0,7862835,1855,1549658,201162,0,0,0,0,0,179,0,0,0,0,0,0,74,0,352361,0,0,0
0,458367,3531238,171469,43238,25907,39109,0,54381,144986,128861,0,0,52054,0,567482,536,579,21420,200495,0,132396,1
0,283740,4049475,876700,17921,0,0,0,0,1175,1134567,0,372440,122248,0,0,194701,0,0,14845,0,0,0
0,260318,4520786,123789,335035,11541,16604,0,28496,0,10698,0,12407,36257,0,245096,158075,0,60179,48749,0,0,1
2494,359551,4464545,139460,358673,12708,111739,170093,41325,25069,330390,0,103184,35501,0,626669,0,0,615346,279862,0,0,1
155978,910729,1561618,51477,400746,5594,139224,126589,15966,16336,263021,0,441602,49680,0,371369,0,1743,464322,438654,0,0,1
0,228650,2799329,111880,28624,0,14972,471983,34435,0,727168,0,0,96066,0,0,0,7634954,0,0,0,0,1
0,757090,6954832,132333,110245,0,0,0,0,14261,243408,0,69379,0,0,2556122,250410,0,392142,0,0,0,1
0,1794960,995978,162627,70300,47675,7526,62217,522,155,0,0,0,751127,0,367347,0,0,22753,89529,0,0,0
72,172021,6098792,123379,171938,0,50634,375540,66631,85140,101882,0,271260,163874,0,1267605,0,0,391046,15520,0,146455,1
67111,764495,1411703,63488,337476,4710,7686,0,15484,7354,257481,0,469467,157586,0,374117,231006,4745753,236894,215996,0,74639,0
0,1238646,1742038,400811,204889,98788,0,0,10478,0,0,0,71670,85543,0,0,139009,0,114076,0,0,0,1
538341,858292,4351218,296670,13771,0,531,0,60906,2503,2279,0,320,53948,0,818150,196780,32468,4250,57266,0,0,1
37612,452671,2208577,507514,26160,268940,0,0,58408,55971,282890,0,79,50193,0,366886,214391,12161,11403,329707,0,0,1
5368,144502,1934201,92633,1982778,64833,96465,34798,39877,23703,1490674,0,869443,66202,0,538101,126062,2730,1117692,142874,0,38388,1
0,130640,460302,141468,295658,78501,8957,0,127759,0,431017,0,0,28728,0,275581,214278,5532814,131600,18252,0,41635,1
61398,1150267,1751094,61442,211723,0,42678,66434,36521,42253,674507,0,29366,138351,0,882856,0,0,491253,217621,0,0,1
1385,1552936,3228633,119622,381780,9264,33782,0,30172,21905,375926,0,84434,82766,0,659012,105936,0,238552,249187,0,60098,1
756957,361039,1252482,763297,347419,74395,492887,122736,74856,91828,702454,0,266261,107587,0,197223,0,0,102867,397764,0,0,0
37027,849112,2774823,56603,181691,22036,28660,116483,11041,0,224770,0,73760,86779,0,429397,0,0,141080,170325,0,21989,0
528965,1318826,1794916,425657,235912,0,36209,0,31365,11241,122992,0,116956,33113,0,489607,0,0,33727,732094,0,120240,1
45485,1024445,1317219,133820,830143,0,124217,0,28348,6103,763954,0,678023,65882,0,176483,0,0,94119,27967,0,0,0
1898,446795,5170608,510585,156164,33279,161600,0,25523,7984,655845,0,397076,35095,0,442996,54568,272422,533013,447219,0,133685,1
96840,396327,3380413,159828,350709,0,0,0,20986,43269,815948,0,276956,1630,0,737000,29143,0,502919,506945,0,72192,1
6497,44149,2235169,236921,71790,65352,0,0,0,0,0,0,0,48736,0,699294,0,3500,0,0,0,74735,1
357724,194398,707369,47044,141836,7937,65067,12027,37227,21485,519076,0,362189,43355,0,123544,130565,1754930,225077,58339,0,29045,1
31575,458579,581207,180174,20863,290086,179703,2270,138645,13997,166526,0,165750,61433,0,414301,2461,44287,2621,96701,0,1430,0
0,15109,1989568,148883,26359,56077,16430,0,74481,33499,330219,0,124032,22988,0,20849,97625,3572538,405354,100168,0,40855,0
115740,51724,628548,167272,124606,14773,92134,132948,118403,2196,132040,0,419893,38028,0,264718,985,1363640,113291,868711,1127,928,1
719,170,5634547,100825,498294,0,0,12038,24634,20548,34928,0,0,0,0,629608,0,0,569305,97683,0,0,1
1063,317051,1144463,121324,233429,99082,88844,1569,94833,83419,1021391,0,196918,42060,0,77959,57378,297072,127154,449256,0,0,0
6933,1945414,3500937,293317,65792,50816,0,43458,130390,37276,125879,0,124348,0,0,1719176,0,0,119572,251096,0,0,1
111124,316924,3200344,70007,23823,215716,0,0,42097,25551,7233,0,0,48215,0,4769193,0,1231,98279,3035,0,0,1
0,142066,238334,56381,151418,13207,94237,0,13300,57996,179287,0,118341,38785,0,76372,0,3217107,88311,20449,0,82667,0
0,1675169,3957287,245011,116217,28113,84445,0,45984,81676,334131,0,280824,505,0,1393851,0,813,106657,89170,0,1371,0
0,1641160,2811144,174182,119725,46281,0,0,92492,4503,88167,0,1285,68933,0,371753,0,0,92237,105607,0,143152,1
0,22341,28783,15846,42986,20737,35852,0,33804,0,291808,0,39398,392,0,483,0,2884776,457230,200,0,0,1
161547,390362,888378,46796,53563,205820,34960,0,34734,90273,66757,0,49124,1518280,0,648926,16494,31302,18120,117877,0,0,1
1025,366368,2232749,305382,572952,9998,7192,0,91026,34503,1116734,0,539880,136739,0,359024,105448,114,92198,3209,0,0,0
400868,1356635,1177169,148235,644631,0,23836,0,23972,0,444671,0,639540,410488,0,252929,109421,0,7139,73045,0,0,1
73472,658926,2239877,321192,111111,0,128578,0,11189,6439,424341,0,115339,81916,0,321941,60463,0,1355777,186659,0,97157,1
1196,847028,2378965,98116,284353,11776,36997,498,18044,0,66903,0,37805,106404,0,475855,161413,3588,35232,115,0,0,0
164,403269,2304441,125948,57405,11075,22419,0,22873,45055,29005,0,24948,39834,0,184402,39391,10942,67621,71380,0,35903,1
0,514160,2037974,85523,240927,319772,22766,0,50886,30746,509267,0,74491,199406,0,187035,43137,334020,537665,247732,0,9931,1
0,53026,2630684,163169,191373,0,0,175720,32728,5906,1076383,0,110622,0,0,690489,0,0,102318,202599,0,0,1
0,280105,1640980,181939,1062764,33745,146598,0,141193,7390,553296,0,679492,29007,0,275889,62234,1376,212777,198858,0,18702,1
0,0,0,244052,68520,0,0,0,0,0,0,0,0,0,0,0,0,0,0,0,0,0,1
833,233984,1818325,74041,123178,6080,38586,0,35320,9938,357933,0,76600,132009,0,169684,93606,264418,177939,226686,0,0,1
6156863,539,1878007,521556,255357,0,0,0,47305,132377,0,0,14110,0,0,0,0,0,65795,0,0,0,0
0,108492,373257,78949,231942,9369,0,14454,0,0,181921,0,64971,4157,0,108014,0,0,2523,25877,0,8190,0
2472,0,0,0,0,0,0,30943,0,0,0,0,0,0,0,0,0,9843,0,0,0,2778,0
964,104193,2502443,181066,131156,0,66137,0,29618,8708,291442,0,880006,0,0,148824,33209,839101,346293,0,0,0,0
197759,236212,625366,79854,147262,0,31237,0,62960,48720,99170,0,95574,58411,0,172384,48732,551652,9813,3000,0,0,1
